Result file;45-03.res
Reference image;img_0001.png
Strain gage;1
Small strain
Position X [pixel];Position Y [pixel]; Orientation; Length [pixel]; Width [pixel]
512.500000;1275.000000;90.000000;126.000000;77.000000
Filename;Step;Longitudinal strain [];Transverse strain [];Shear strain []
img_0002.png;1;4.619e-05;-4.700e-05;2.967e-05
img_0003.png;2;1.366e-04;3.928e-05;1.870e-05
img_0004.png;3;7.697e-05;-3.316e-05;-3.146e-05
img_0005.png;4;1.212e-04;-3.382e-05;-4.040e-05
img_0006.png;5;1.688e-04;2.795e-05;6.653e-06
img_0007.png;6;2.304e-04;1.080e-05;4.051e-05
img_0008.png;7;3.351e-04;-7.275e-05;2.024e-05
img_0009.png;8;3.929e-04;-1.100e-04;-7.578e-06
img_0010.png;9;4.214e-04;-1.774e-04;-2.876e-05
img_0011.png;10;3.446e-04;-1.329e-04;-1.714e-05
img_0012.png;11;3.493e-04;-1.616e-04;-9.557e-06
img_0013.png;12;4.959e-04;-2.306e-04;-4.897e-05
img_0014.png;13;6.811e-04;-2.491e-04;-8.719e-05
img_0015.png;14;7.824e-04;-2.220e-04;-5.439e-05
img_0016.png;15;7.206e-04;-2.093e-04;-3.814e-05
img_0017.png;16;6.290e-04;-2.888e-04;7.366e-05
img_0018.png;17;6.654e-04;-2.000e-04;3.843e-05
img_0019.png;18;7.614e-04;-1.837e-04;9.649e-05
img_0020.png;19;9.015e-04;-1.116e-04;1.937e-04
img_0021.png;20;9.579e-04;-1.300e-04;2.019e-04
img_0022.png;21;8.439e-04;-2.123e-04;-1.112e-04
img_0023.png;22;7.796e-04;-3.046e-04;-2.736e-04
img_0024.png;23;7.647e-04;-1.192e-04;-2.980e-05
img_0025.png;24;1.021e-03;-1.623e-04;3.901e-04
img_0026.png;25;1.209e-03;-1.852e-04;3.629e-04
img_0027.png;26;8.885e-04;-2.328e-04;-2.497e-05
img_0028.png;27;7.955e-04;-1.921e-04;-3.031e-04
img_0029.png;28;8.883e-04;-4.059e-04;-1.112e-04
img_0030.png;29;9.343e-04;-3.457e-04;4.680e-04
img_0031.png;30;1.108e-03;-1.930e-04;3.965e-04
img_0032.png;31;7.765e-04;-3.423e-04;-1.107e-04
img_0033.png;32;9.445e-04;-3.216e-04;1.763e-04
img_0034.png;33;1.004e-03;-4.060e-04;1.085e-04
img_0035.png;34;7.386e-04;-5.835e-04;-3.102e-04
img_0036.png;35;6.894e-04;-3.471e-04;-4.521e-05
img_0037.png;36;1.025e-03;-3.507e-04;4.017e-04
img_0038.png;37;7.460e-04;-2.784e-04;1.486e-04
img_0039.png;38;7.368e-04;-2.206e-04;1.344e-04
img_0040.png;39;1.006e-03;-2.696e-04;5.725e-04
img_0041.png;40;8.719e-04;-4.715e-04;2.642e-04
img_0042.png;41;6.432e-04;-4.512e-04;-1.672e-04
img_0043.png;42;7.283e-04;-3.375e-04;3.976e-06
img_0044.png;43;8.804e-04;-4.636e-04;2.002e-04
img_0045.png;44;6.929e-04;-4.520e-04;-2.047e-04
img_0046.png;45;6.622e-04;-5.129e-04;-2.605e-04
img_0047.png;46;8.857e-04;-6.141e-04;1.690e-04
img_0048.png;47;7.439e-04;-5.838e-04;1.331e-04
img_0049.png;48;5.301e-04;-4.097e-04;5.581e-05
img_0050.png;49;6.858e-04;-3.203e-04;3.323e-04
img_0051.png;50;7.690e-04;-3.596e-04;4.817e-04
img_0052.png;51;5.800e-04;-3.090e-04;1.734e-04
img_0053.png;52;5.715e-04;-3.545e-04;1.470e-04
img_0054.png;53;7.266e-04;-4.323e-04;3.942e-04
img_0055.png;54;5.092e-04;-5.278e-04;1.151e-04
img_0056.png;55;4.845e-04;-4.392e-04;-5.699e-05
img_0057.png;56;6.607e-04;-6.095e-04;2.233e-04
img_0058.png;57;7.474e-04;-8.724e-04;1.519e-04
img_0059.png;58;8.093e-04;-1.030e-03;-1.416e-04
img_0060.png;59;9.992e-04;-1.228e-03;-1.345e-04
img_0061.png;60;1.417e-03;-1.319e-03;6.898e-05
img_0062.png;61;1.642e-03;-1.544e-03;-1.090e-04
img_0063.png;62;1.791e-03;-1.854e-03;-2.521e-04
img_0064.png;63;2.260e-03;-2.084e-03;-1.096e-04
img_0065.png;64;2.755e-03;-2.245e-03;-1.389e-04
img_0066.png;65;3.124e-03;-2.674e-03;-2.375e-04
img_0067.png;66;3.575e-03;-3.053e-03;-2.851e-04
img_0068.png;67;4.421e-03;-3.566e-03;-1.979e-04
img_0069.png;68;4.965e-03;-4.055e-03;-4.622e-04
img_0070.png;69;5.467e-03;-4.572e-03;-5.934e-04
img_0071.png;70;6.228e-03;-5.024e-03;-4.578e-04
img_0072.png;71;7.166e-03;-5.343e-03;-5.755e-04
img_0073.png;72;7.771e-03;-6.034e-03;-7.888e-04
img_0074.png;73;8.632e-03;-6.656e-03;-8.737e-04
img_0075.png;74;9.898e-03;-7.249e-03;-7.577e-04
img_0076.png;75;1.107e-02;-8.086e-03;-1.080e-03
img_0077.png;76;1.222e-02;-8.900e-03;-1.260e-03
img_0078.png;77;1.387e-02;-9.663e-03;-1.166e-03
img_0079.png;78;1.641e-02;-1.159e-02;-1.324e-03
img_0080.png;79;1.838e-02;-1.303e-02;-1.541e-03
img_0081.png;80;2.044e-02;-1.425e-02;-1.499e-03
img_0082.png;81;2.260e-02;-1.578e-02;-1.568e-03
img_0083.png;82;2.440e-02;-1.721e-02;-1.807e-03
img_0084.png;83;2.598e-02;-1.838e-02;-2.033e-03
img_0085.png;84;2.823e-02;-1.969e-02;-2.003e-03
img_0086.png;85;3.001e-02;-2.078e-02;-2.133e-03
img_0087.png;86;3.144e-02;-2.193e-02;-2.300e-03
img_0088.png;87;3.333e-02;-2.295e-02;-2.372e-03
img_0089.png;88;3.541e-02;-2.413e-02;-2.329e-03
img_0090.png;89;3.689e-02;-2.514e-02;-2.492e-03
img_0091.png;90;3.834e-02;-2.624e-02;-2.623e-03
img_0092.png;91;4.040e-02;-2.738e-02;-2.530e-03
img_0093.png;92;4.186e-02;-2.838e-02;-2.551e-03
img_0094.png;93;4.334e-02;-2.926e-02;-2.682e-03
img_0095.png;94;4.513e-02;-2.997e-02;-2.638e-03
img_0096.png;95;4.631e-02;-3.076e-02;-2.581e-03
img_0097.png;96;4.753e-02;-3.153e-02;-2.660e-03
img_0098.png;97;4.871e-02;-3.228e-02;-2.668e-03
img_0099.png;98;5.021e-02;-3.296e-02;-2.574e-03
img_0100.png;99;5.152e-02;-3.357e-02;-2.565e-03
img_0101.png;100;5.274e-02;-3.416e-02;-2.650e-03
img_0102.png;101;5.387e-02;-3.446e-02;-2.648e-03
img_0103.png;102;5.473e-02;-3.479e-02;-2.604e-03
img_0104.png;103;5.547e-02;-3.507e-02;-2.587e-03
img_0105.png;104;5.628e-02;-3.532e-02;-2.544e-03
img_0106.png;105;5.719e-02;-3.562e-02;-2.450e-03
img_0107.png;106;5.812e-02;-3.588e-02;-2.475e-03
img_0108.png;107;5.885e-02;-3.621e-02;-2.340e-03
img_0109.png;108;5.932e-02;-3.647e-02;-2.294e-03
img_0110.png;109;5.961e-02;-3.665e-02;-2.357e-03
img_0111.png;110;5.986e-02;-3.679e-02;-2.312e-03
img_0112.png;111;6.008e-02;-3.702e-02;-2.344e-03
img_0113.png;112;6.039e-02;-3.710e-02;-2.341e-03
img_0114.png;113;6.073e-02;-3.727e-02;-2.292e-03
img_0115.png;114;6.102e-02;-3.739e-02;-2.264e-03
img_0116.png;115;6.127e-02;-3.741e-02;-2.202e-03
img_0117.png;116;6.144e-02;-3.747e-02;-2.110e-03
img_0118.png;117;6.157e-02;-3.754e-02;-2.054e-03
img_0119.png;118;6.175e-02;-3.754e-02;-2.004e-03
img_0120.png;119;6.186e-02;-3.758e-02;-2.065e-03
img_0121.png;120;6.216e-02;-3.767e-02;-2.099e-03
img_0122.png;121;6.242e-02;-3.782e-02;-2.074e-03
img_0123.png;122;6.256e-02;-3.798e-02;-2.033e-03
img_0124.png;123;6.274e-02;-3.802e-02;-2.027e-03
img_0125.png;124;6.289e-02;-3.811e-02;-1.998e-03
img_0126.png;125;6.296e-02;-3.810e-02;-1.972e-03
img_0127.png;126;6.305e-02;-3.815e-02;-1.930e-03
img_0128.png;127;6.312e-02;-3.819e-02;-1.931e-03
img_0129.png;128;6.325e-02;-3.823e-02;-1.903e-03
img_0130.png;129;6.331e-02;-3.823e-02;-1.913e-03
img_0131.png;130;6.344e-02;-3.832e-02;-1.884e-03
img_0132.png;131;6.343e-02;-3.828e-02;-1.863e-03
img_0133.png;132;6.358e-02;-3.836e-02;-1.876e-03
img_0134.png;133;6.369e-02;-3.842e-02;-1.857e-03
img_0135.png;134;6.387e-02;-3.848e-02;-1.882e-03
img_0136.png;135;6.395e-02;-3.850e-02;-1.827e-03
img_0137.png;136;6.403e-02;-3.858e-02;-1.821e-03
img_0138.png;137;6.405e-02;-3.857e-02;-1.789e-03
img_0139.png;138;6.420e-02;-3.855e-02;-1.825e-03
img_0140.png;139;6.421e-02;-3.865e-02;-1.797e-03
img_0141.png;140;6.423e-02;-3.858e-02;-1.805e-03
img_0142.png;141;6.422e-02;-3.873e-02;-1.818e-03
img_0143.png;142;6.434e-02;-3.870e-02;-1.833e-03
img_0144.png;143;6.438e-02;-3.866e-02;-1.803e-03
img_0145.png;144;6.436e-02;-3.868e-02;-1.786e-03
img_0146.png;145;6.445e-02;-3.878e-02;-1.824e-03
img_0147.png;146;6.446e-02;-3.877e-02;-1.799e-03
img_0148.png;147;6.459e-02;-3.887e-02;-1.816e-03
img_0149.png;148;6.468e-02;-3.891e-02;-1.847e-03
img_0150.png;149;6.483e-02;-3.906e-02;-1.880e-03
img_0151.png;150;6.494e-02;-3.917e-02;-1.848e-03
img_0152.png;151;6.511e-02;-3.930e-02;-1.910e-03
img_0153.png;152;6.526e-02;-3.926e-02;-1.883e-03
img_0154.png;153;6.540e-02;-3.939e-02;-1.932e-03
img_0155.png;154;6.552e-02;-3.946e-02;-1.920e-03
img_0156.png;155;6.557e-02;-3.948e-02;-1.872e-03
img_0157.png;156;6.580e-02;-3.951e-02;-1.864e-03
img_0158.png;157;6.577e-02;-3.955e-02;-1.936e-03
img_0159.png;158;6.576e-02;-3.966e-02;-1.943e-03
img_0160.png;159;6.579e-02;-3.953e-02;-1.894e-03
img_0161.png;160;6.583e-02;-3.945e-02;-1.931e-03
img_0162.png;161;6.582e-02;-3.932e-02;-1.839e-03
img_0163.png;162;6.583e-02;-3.941e-02;-1.796e-03
img_0164.png;163;6.578e-02;-3.947e-02;-1.800e-03
img_0165.png;164;6.585e-02;-3.957e-02;-1.847e-03
img_0166.png;165;6.574e-02;-3.953e-02;-1.886e-03
img_0167.png;166;6.585e-02;-3.960e-02;-1.865e-03
img_0168.png;167;6.583e-02;-3.963e-02;-1.930e-03
img_0169.png;168;6.589e-02;-3.961e-02;-1.911e-03
img_0170.png;169;6.584e-02;-3.958e-02;-1.927e-03
img_0171.png;170;6.589e-02;-3.949e-02;-1.927e-03
img_0172.png;171;6.587e-02;-3.948e-02;-1.938e-03
img_0173.png;172;6.584e-02;-3.951e-02;-2.003e-03
img_0174.png;173;6.584e-02;-3.947e-02;-1.954e-03
img_0175.png;174;6.578e-02;-3.953e-02;-1.959e-03
img_0176.png;175;6.583e-02;-3.950e-02;-1.981e-03
img_0177.png;176;6.585e-02;-3.947e-02;-1.973e-03
img_0178.png;177;6.584e-02;-3.951e-02;-1.976e-03
img_0179.png;178;6.588e-02;-3.947e-02;-1.959e-03
img_0180.png;179;6.590e-02;-3.947e-02;-1.967e-03
img_0181.png;180;6.590e-02;-3.944e-02;-1.971e-03
img_0182.png;181;6.591e-02;-3.955e-02;-1.985e-03
img_0183.png;182;6.590e-02;-3.945e-02;-1.953e-03
img_0184.png;183;6.596e-02;-3.949e-02;-1.940e-03
img_0185.png;184;6.597e-02;-3.949e-02;-1.959e-03
img_0186.png;185;6.593e-02;-3.947e-02;-1.906e-03
img_0187.png;186;6.599e-02;-3.956e-02;-1.947e-03
img_0188.png;187;6.601e-02;-3.955e-02;-1.925e-03
img_0189.png;188;6.596e-02;-3.956e-02;-1.930e-03
img_0190.png;189;6.599e-02;-3.956e-02;-1.947e-03
img_0191.png;190;6.594e-02;-3.951e-02;-1.942e-03
img_0192.png;191;6.597e-02;-3.957e-02;-1.956e-03
img_0193.png;192;6.601e-02;-3.957e-02;-1.966e-03
img_0194.png;193;6.602e-02;-3.959e-02;-1.952e-03
img_0195.png;194;6.595e-02;-3.960e-02;-1.952e-03
img_0196.png;195;6.602e-02;-3.960e-02;-1.932e-03
img_0197.png;196;6.606e-02;-3.961e-02;-1.907e-03
img_0198.png;197;6.606e-02;-3.957e-02;-1.893e-03
img_0199.png;198;6.602e-02;-3.952e-02;-1.885e-03
img_0200.png;199;6.604e-02;-3.955e-02;-1.811e-03
img_0201.png;200;6.593e-02;-3.947e-02;-1.859e-03
img_0202.png;201;6.604e-02;-3.947e-02;-1.864e-03
img_0203.png;202;6.601e-02;-3.948e-02;-1.852e-03
img_0204.png;203;6.598e-02;-3.946e-02;-1.859e-03
img_0205.png;204;6.602e-02;-3.943e-02;-1.897e-03
img_0206.png;205;6.603e-02;-3.942e-02;-1.875e-03
img_0207.png;206;6.615e-02;-3.947e-02;-1.884e-03
img_0208.png;207;6.619e-02;-3.952e-02;-1.914e-03
img_0209.png;208;6.613e-02;-3.959e-02;-1.904e-03
img_0210.png;209;6.627e-02;-3.962e-02;-1.937e-03
img_0211.png;210;6.625e-02;-3.963e-02;-1.871e-03
img_0212.png;211;6.637e-02;-3.963e-02;-1.891e-03
img_0213.png;212;6.654e-02;-3.978e-02;-1.895e-03
img_0214.png;213;6.660e-02;-3.984e-02;-1.851e-03
img_0215.png;214;6.676e-02;-3.984e-02;-1.786e-03
img_0216.png;215;6.691e-02;-3.994e-02;-1.800e-03
img_0217.png;216;6.718e-02;-4.005e-02;-1.745e-03
img_0218.png;217;6.733e-02;-4.030e-02;-1.781e-03
img_0219.png;218;6.764e-02;-4.020e-02;-1.777e-03
img_0220.png;219;6.787e-02;-4.022e-02;-1.776e-03
img_0221.png;220;6.819e-02;-4.041e-02;-1.828e-03
img_0222.png;221;6.844e-02;-4.047e-02;-1.762e-03
img_0223.png;222;6.874e-02;-4.070e-02;-1.818e-03
img_0224.png;223;6.888e-02;-4.084e-02;-1.809e-03
img_0225.png;224;6.923e-02;-4.106e-02;-1.810e-03
img_0226.png;225;6.933e-02;-4.112e-02;-1.790e-03
img_0227.png;226;6.965e-02;-4.136e-02;-1.763e-03
img_0228.png;227;6.998e-02;-4.137e-02;-1.755e-03
img_0229.png;228;7.036e-02;-4.143e-02;-1.730e-03
img_0230.png;229;7.070e-02;-4.164e-02;-1.740e-03
img_0231.png;230;7.107e-02;-4.178e-02;-1.680e-03
img_0232.png;231;7.145e-02;-4.189e-02;-1.695e-03
img_0233.png;232;7.183e-02;-4.209e-02;-1.711e-03
img_0234.png;233;7.218e-02;-4.226e-02;-1.736e-03
img_0235.png;234;7.251e-02;-4.243e-02;-1.707e-03
img_0236.png;235;7.288e-02;-4.251e-02;-1.740e-03
img_0237.png;236;7.319e-02;-4.275e-02;-1.795e-03
img_0238.png;237;7.358e-02;-4.282e-02;-1.795e-03
img_0239.png;238;7.392e-02;-4.297e-02;-1.775e-03
img_0240.png;239;7.431e-02;-4.308e-02;-1.785e-03
img_0241.png;240;7.459e-02;-4.335e-02;-1.773e-03
img_0242.png;241;7.489e-02;-4.356e-02;-1.738e-03
img_0243.png;242;7.522e-02;-4.369e-02;-1.759e-03
img_0244.png;243;7.557e-02;-4.388e-02;-1.716e-03
img_0245.png;244;7.594e-02;-4.397e-02;-1.771e-03
img_0246.png;245;7.625e-02;-4.418e-02;-1.784e-03
img_0247.png;246;7.664e-02;-4.425e-02;-1.815e-03
img_0248.png;247;7.703e-02;-4.443e-02;-1.772e-03
img_0249.png;248;7.741e-02;-4.457e-02;-1.805e-03
img_0250.png;249;7.769e-02;-4.467e-02;-1.821e-03
img_0251.png;250;7.798e-02;-4.478e-02;-1.772e-03
img_0252.png;251;7.826e-02;-4.494e-02;-1.740e-03
img_0253.png;252;7.858e-02;-4.512e-02;-1.731e-03
img_0254.png;253;7.890e-02;-4.533e-02;-1.703e-03
img_0255.png;254;7.917e-02;-4.550e-02;-1.788e-03
img_0256.png;255;7.954e-02;-4.577e-02;-1.838e-03
img_0257.png;256;7.995e-02;-4.588e-02;-1.851e-03
img_0258.png;257;8.030e-02;-4.602e-02;-1.870e-03
img_0259.png;258;8.057e-02;-4.618e-02;-1.875e-03
img_0260.png;259;8.088e-02;-4.630e-02;-1.841e-03
img_0261.png;260;8.119e-02;-4.643e-02;-1.844e-03
img_0262.png;261;8.150e-02;-4.653e-02;-1.857e-03
img_0263.png;262;8.181e-02;-4.664e-02;-1.835e-03
img_0264.png;263;8.215e-02;-4.678e-02;-1.834e-03
img_0265.png;264;8.245e-02;-4.702e-02;-1.757e-03
img_0266.png;265;8.289e-02;-4.725e-02;-1.827e-03
img_0267.png;266;8.317e-02;-4.745e-02;-1.843e-03
img_0268.png;267;8.351e-02;-4.762e-02;-1.842e-03
img_0269.png;268;8.382e-02;-4.774e-02;-1.778e-03
img_0270.png;269;8.413e-02;-4.793e-02;-1.814e-03
img_0271.png;270;8.447e-02;-4.807e-02;-1.853e-03
img_0272.png;271;8.477e-02;-4.821e-02;-1.874e-03
img_0273.png;272;8.511e-02;-4.833e-02;-1.886e-03
img_0274.png;273;8.536e-02;-4.846e-02;-1.929e-03
img_0275.png;274;8.569e-02;-4.864e-02;-1.911e-03
img_0276.png;275;8.599e-02;-4.876e-02;-1.892e-03
img_0277.png;276;8.636e-02;-4.897e-02;-1.835e-03
img_0278.png;277;8.674e-02;-4.910e-02;-1.854e-03
img_0279.png;278;8.706e-02;-4.928e-02;-1.835e-03
img_0280.png;279;8.736e-02;-4.950e-02;-1.853e-03
img_0281.png;280;8.773e-02;-4.965e-02;-1.856e-03
img_0282.png;281;8.798e-02;-4.980e-02;-1.856e-03
img_0283.png;282;8.829e-02;-4.989e-02;-1.908e-03
img_0284.png;283;8.863e-02;-5.008e-02;-1.904e-03
img_0285.png;284;8.888e-02;-5.027e-02;-1.889e-03
img_0286.png;285;8.921e-02;-5.040e-02;-1.873e-03
img_0287.png;286;8.958e-02;-5.050e-02;-1.824e-03
img_0288.png;287;8.995e-02;-5.063e-02;-1.851e-03
img_0289.png;288;9.027e-02;-5.086e-02;-1.894e-03
img_0290.png;289;9.064e-02;-5.106e-02;-1.932e-03
img_0291.png;290;9.100e-02;-5.118e-02;-1.910e-03
img_0292.png;291;9.125e-02;-5.126e-02;-1.918e-03
img_0293.png;292;9.155e-02;-5.138e-02;-1.937e-03
img_0294.png;293;9.184e-02;-5.142e-02;-1.884e-03
img_0295.png;294;9.211e-02;-5.161e-02;-1.905e-03
img_0296.png;295;9.248e-02;-5.177e-02;-1.899e-03
img_0297.png;296;9.286e-02;-5.194e-02;-1.906e-03
img_0298.png;297;9.315e-02;-5.207e-02;-1.920e-03
img_0299.png;298;9.351e-02;-5.225e-02;-1.918e-03
img_0300.png;299;9.382e-02;-5.247e-02;-1.951e-03
img_0301.png;300;9.426e-02;-5.271e-02;-1.878e-03
img_0302.png;301;9.452e-02;-5.283e-02;-1.878e-03
img_0303.png;302;9.491e-02;-5.302e-02;-1.906e-03
img_0304.png;303;9.516e-02;-5.315e-02;-1.894e-03
img_0305.png;304;9.556e-02;-5.322e-02;-1.896e-03
img_0306.png;305;9.580e-02;-5.329e-02;-1.973e-03
img_0307.png;306;9.614e-02;-5.343e-02;-1.971e-03
img_0308.png;307;9.651e-02;-5.357e-02;-2.022e-03
img_0309.png;308;9.686e-02;-5.370e-02;-1.981e-03
img_0310.png;309;9.706e-02;-5.390e-02;-1.981e-03
img_0311.png;310;9.756e-02;-5.399e-02;-1.913e-03
img_0312.png;311;9.775e-02;-5.422e-02;-1.921e-03
img_0313.png;312;9.815e-02;-5.436e-02;-1.875e-03
img_0314.png;313;9.851e-02;-5.457e-02;-1.907e-03
img_0315.png;314;9.877e-02;-5.474e-02;-1.952e-03
img_0316.png;315;9.909e-02;-5.490e-02;-1.972e-03
img_0317.png;316;9.945e-02;-5.504e-02;-1.980e-03
img_0318.png;317;9.980e-02;-5.524e-02;-1.957e-03
img_0319.png;318;1.002e-01;-5.545e-02;-1.961e-03
img_0320.png;319;1.005e-01;-5.552e-02;-1.949e-03
img_0321.png;320;1.008e-01;-5.552e-02;-1.950e-03
img_0322.png;321;1.012e-01;-5.560e-02;-1.963e-03
img_0323.png;322;1.015e-01;-5.577e-02;-1.979e-03
img_0324.png;323;1.018e-01;-5.592e-02;-1.980e-03
img_0325.png;324;1.021e-01;-5.608e-02;-1.990e-03
img_0326.png;325;1.024e-01;-5.630e-02;-1.944e-03
img_0327.png;326;1.027e-01;-5.649e-02;-1.954e-03
img_0328.png;327;1.031e-01;-5.669e-02;-1.930e-03
img_0329.png;328;1.034e-01;-5.683e-02;-1.960e-03
img_0330.png;329;1.038e-01;-5.699e-02;-2.009e-03
img_0331.png;330;1.041e-01;-5.714e-02;-2.036e-03
img_0332.png;331;1.044e-01;-5.727e-02;-2.056e-03
img_0333.png;332;1.048e-01;-5.740e-02;-2.064e-03
img_0334.png;333;1.051e-01;-5.749e-02;-2.016e-03
img_0335.png;334;1.055e-01;-5.766e-02;-1.942e-03
img_0336.png;335;1.057e-01;-5.786e-02;-1.968e-03
img_0337.png;336;1.061e-01;-5.800e-02;-1.960e-03
img_0338.png;337;1.064e-01;-5.815e-02;-1.957e-03
img_0339.png;338;1.068e-01;-5.827e-02;-2.018e-03
img_0340.png;339;1.072e-01;-5.847e-02;-2.052e-03
img_0341.png;340;1.075e-01;-5.867e-02;-2.056e-03
img_0342.png;341;1.078e-01;-5.879e-02;-2.093e-03
img_0343.png;342;1.082e-01;-5.895e-02;-2.047e-03
img_0344.png;343;1.085e-01;-5.916e-02;-2.041e-03
img_0345.png;344;1.089e-01;-5.929e-02;-2.044e-03
img_0346.png;345;1.092e-01;-5.944e-02;-2.031e-03
img_0347.png;346;1.095e-01;-5.958e-02;-1.985e-03
img_0348.png;347;1.098e-01;-5.971e-02;-2.001e-03
img_0349.png;348;1.101e-01;-5.988e-02;-2.033e-03
img_0350.png;349;1.104e-01;-6.008e-02;-2.041e-03
img_0351.png;350;1.109e-01;-6.018e-02;-2.023e-03
img_0352.png;351;1.112e-01;-6.027e-02;-2.006e-03
img_0353.png;352;1.116e-01;-6.044e-02;-1.963e-03
img_0354.png;353;1.119e-01;-6.056e-02;-2.006e-03
img_0355.png;354;1.122e-01;-6.074e-02;-2.018e-03
img_0356.png;355;1.125e-01;-6.093e-02;-2.028e-03
img_0357.png;356;1.130e-01;-6.108e-02;-2.022e-03
img_0358.png;357;1.133e-01;-6.132e-02;-2.047e-03
img_0359.png;358;1.136e-01;-6.154e-02;-2.052e-03
img_0360.png;359;1.139e-01;-6.173e-02;-2.070e-03
img_0361.png;360;1.142e-01;-6.184e-02;-2.087e-03
img_0362.png;361;1.146e-01;-6.192e-02;-2.150e-03
img_0363.png;362;1.149e-01;-6.202e-02;-2.159e-03
img_0364.png;363;1.153e-01;-6.211e-02;-2.147e-03
img_0365.png;364;1.156e-01;-6.230e-02;-2.098e-03
img_0366.png;365;1.160e-01;-6.239e-02;-2.066e-03
img_0367.png;366;1.164e-01;-6.258e-02;-2.017e-03
img_0368.png;367;1.167e-01;-6.281e-02;-1.996e-03
img_0369.png;368;1.171e-01;-6.306e-02;-1.993e-03
img_0370.png;369;1.174e-01;-6.328e-02;-2.029e-03
img_0371.png;370;1.176e-01;-6.339e-02;-2.068e-03
img_0372.png;371;1.180e-01;-6.351e-02;-2.091e-03
img_0373.png;372;1.184e-01;-6.363e-02;-2.126e-03
img_0374.png;373;1.187e-01;-6.370e-02;-2.134e-03
img_0375.png;374;1.191e-01;-6.393e-02;-2.117e-03
img_0376.png;375;1.195e-01;-6.407e-02;-2.123e-03
img_0377.png;376;1.199e-01;-6.424e-02;-2.119e-03
img_0378.png;377;1.202e-01;-6.443e-02;-2.096e-03
img_0379.png;378;1.206e-01;-6.455e-02;-2.124e-03
img_0380.png;379;1.209e-01;-6.474e-02;-2.123e-03
img_0381.png;380;1.212e-01;-6.490e-02;-2.138e-03
img_0382.png;381;1.215e-01;-6.506e-02;-2.139e-03
img_0383.png;382;1.219e-01;-6.519e-02;-2.121e-03
img_0384.png;383;1.223e-01;-6.536e-02;-2.141e-03
img_0385.png;384;1.226e-01;-6.553e-02;-2.115e-03
img_0386.png;385;1.229e-01;-6.565e-02;-2.072e-03
img_0387.png;386;1.233e-01;-6.575e-02;-2.094e-03
img_0388.png;387;1.237e-01;-6.594e-02;-2.116e-03
img_0389.png;388;1.239e-01;-6.613e-02;-2.112e-03
img_0390.png;389;1.243e-01;-6.627e-02;-2.118e-03
img_0391.png;390;1.247e-01;-6.644e-02;-2.133e-03
img_0392.png;391;1.251e-01;-6.665e-02;-2.136e-03
img_0393.png;392;1.254e-01;-6.675e-02;-2.166e-03
img_0394.png;393;1.258e-01;-6.693e-02;-2.161e-03
img_0395.png;394;1.261e-01;-6.710e-02;-2.140e-03
img_0396.png;395;1.264e-01;-6.726e-02;-2.121e-03
img_0397.png;396;1.268e-01;-6.743e-02;-2.130e-03
img_0398.png;397;1.272e-01;-6.759e-02;-2.130e-03
img_0399.png;398;1.274e-01;-6.774e-02;-2.158e-03
img_0400.png;399;1.278e-01;-6.782e-02;-2.170e-03
img_0401.png;400;1.282e-01;-6.794e-02;-2.176e-03
img_0402.png;401;1.286e-01;-6.815e-02;-2.173e-03
img_0403.png;402;1.289e-01;-6.827e-02;-2.196e-03
img_0404.png;403;1.293e-01;-6.845e-02;-2.136e-03
img_0405.png;404;1.296e-01;-6.865e-02;-2.112e-03
img_0406.png;405;1.300e-01;-6.879e-02;-2.118e-03
img_0407.png;406;1.304e-01;-6.898e-02;-2.102e-03
img_0408.png;407;1.308e-01;-6.917e-02;-2.154e-03
img_0409.png;408;1.311e-01;-6.928e-02;-2.142e-03
img_0410.png;409;1.314e-01;-6.951e-02;-2.198e-03
img_0411.png;410;1.317e-01;-6.967e-02;-2.248e-03
img_0412.png;411;1.320e-01;-6.975e-02;-2.236e-03
img_0413.png;412;1.324e-01;-6.987e-02;-2.203e-03
img_0414.png;413;1.328e-01;-7.001e-02;-2.149e-03
img_0415.png;414;1.331e-01;-7.018e-02;-2.154e-03
img_0416.png;415;1.335e-01;-7.033e-02;-2.118e-03
img_0417.png;416;1.339e-01;-7.047e-02;-2.094e-03
img_0418.png;417;1.342e-01;-7.061e-02;-2.098e-03
img_0419.png;418;1.346e-01;-7.082e-02;-2.145e-03
img_0420.png;419;1.350e-01;-7.101e-02;-2.165e-03
img_0421.png;420;1.353e-01;-7.116e-02;-2.197e-03
img_0422.png;421;1.357e-01;-7.133e-02;-2.237e-03
img_0423.png;422;1.361e-01;-7.147e-02;-2.197e-03
img_0424.png;423;1.365e-01;-7.162e-02;-2.191e-03
img_0425.png;424;1.368e-01;-7.175e-02;-2.193e-03
img_0426.png;425;1.371e-01;-7.194e-02;-2.169e-03
img_0427.png;426;1.374e-01;-7.215e-02;-2.140e-03
img_0428.png;427;1.378e-01;-7.230e-02;-2.132e-03
img_0429.png;428;1.382e-01;-7.240e-02;-2.193e-03
img_0430.png;429;1.386e-01;-7.251e-02;-2.213e-03
img_0431.png;430;1.389e-01;-7.270e-02;-2.200e-03
img_0432.png;431;1.393e-01;-7.285e-02;-2.177e-03
img_0433.png;432;1.397e-01;-7.304e-02;-2.180e-03
img_0434.png;433;1.401e-01;-7.320e-02;-2.197e-03
img_0435.png;434;1.404e-01;-7.331e-02;-2.176e-03
img_0436.png;435;1.407e-01;-7.343e-02;-2.161e-03
img_0437.png;436;1.411e-01;-7.363e-02;-2.202e-03
img_0438.png;437;1.414e-01;-7.383e-02;-2.166e-03
img_0439.png;438;1.419e-01;-7.401e-02;-2.161e-03
img_0440.png;439;1.422e-01;-7.419e-02;-2.208e-03
img_0441.png;440;1.426e-01;-7.431e-02;-2.262e-03
img_0442.png;441;1.431e-01;-7.448e-02;-2.319e-03
img_0443.png;442;1.434e-01;-7.465e-02;-2.292e-03
img_0444.png;443;1.437e-01;-7.477e-02;-2.299e-03
img_0445.png;444;1.441e-01;-7.485e-02;-2.240e-03
img_0446.png;445;1.445e-01;-7.498e-02;-2.229e-03
img_0447.png;446;1.448e-01;-7.515e-02;-2.155e-03
img_0448.png;447;1.451e-01;-7.540e-02;-2.166e-03
img_0449.png;448;1.455e-01;-7.556e-02;-2.178e-03
img_0450.png;449;1.459e-01;-7.575e-02;-2.196e-03
img_0451.png;450;1.463e-01;-7.593e-02;-2.233e-03
img_0452.png;451;1.466e-01;-7.613e-02;-2.264e-03
img_0453.png;452;1.469e-01;-7.622e-02;-2.279e-03
img_0454.png;453;1.473e-01;-7.629e-02;-2.284e-03
img_0455.png;454;1.477e-01;-7.643e-02;-2.309e-03
img_0456.png;455;1.481e-01;-7.658e-02;-2.263e-03
img_0457.png;456;1.485e-01;-7.676e-02;-2.285e-03
img_0458.png;457;1.488e-01;-7.700e-02;-2.270e-03
img_0459.png;458;1.492e-01;-7.717e-02;-2.256e-03
img_0460.png;459;1.496e-01;-7.726e-02;-2.234e-03
img_0461.png;460;1.499e-01;-7.742e-02;-2.288e-03
img_0462.png;461;1.503e-01;-7.756e-02;-2.296e-03
img_0463.png;462;1.507e-01;-7.773e-02;-2.238e-03
img_0464.png;463;1.511e-01;-7.790e-02;-2.279e-03
img_0465.png;464;1.514e-01;-7.807e-02;-2.277e-03
img_0466.png;465;1.518e-01;-7.828e-02;-2.307e-03
img_0467.png;466;1.521e-01;-7.841e-02;-2.261e-03
img_0468.png;467;1.525e-01;-7.856e-02;-2.296e-03
img_0469.png;468;1.528e-01;-7.869e-02;-2.315e-03
img_0470.png;469;1.532e-01;-7.882e-02;-2.339e-03
img_0471.png;470;1.536e-01;-7.899e-02;-2.280e-03
img_0472.png;471;1.540e-01;-7.917e-02;-2.277e-03
img_0473.png;472;1.545e-01;-7.928e-02;-2.284e-03
img_0474.png;473;1.549e-01;-7.944e-02;-2.278e-03
img_0475.png;474;1.552e-01;-7.961e-02;-2.284e-03
img_0476.png;475;1.557e-01;-7.977e-02;-2.322e-03
img_0477.png;476;1.560e-01;-7.992e-02;-2.340e-03
img_0478.png;477;1.563e-01;-8.010e-02;-2.357e-03
img_0479.png;478;1.566e-01;-8.028e-02;-2.326e-03
img_0480.png;479;1.570e-01;-8.048e-02;-2.317e-03
img_0481.png;480;1.574e-01;-8.068e-02;-2.348e-03
img_0482.png;481;1.578e-01;-8.083e-02;-2.336e-03
img_0483.png;482;1.582e-01;-8.099e-02;-2.353e-03
img_0484.png;483;1.585e-01;-8.109e-02;-2.362e-03
img_0485.png;484;1.589e-01;-8.127e-02;-2.362e-03
img_0486.png;485;1.593e-01;-8.141e-02;-2.369e-03
img_0487.png;486;1.597e-01;-8.154e-02;-2.349e-03
img_0488.png;487;1.601e-01;-8.169e-02;-2.344e-03
img_0489.png;488;1.605e-01;-8.176e-02;-2.332e-03
img_0490.png;489;1.608e-01;-8.195e-02;-2.343e-03
img_0491.png;490;1.612e-01;-8.217e-02;-2.316e-03
img_0492.png;491;1.616e-01;-8.240e-02;-2.296e-03
img_0493.png;492;1.619e-01;-8.264e-02;-2.356e-03
img_0494.png;493;1.623e-01;-8.283e-02;-2.371e-03
img_0495.png;494;1.627e-01;-8.295e-02;-2.347e-03
img_0496.png;495;1.632e-01;-8.306e-02;-2.329e-03
img_0497.png;496;1.635e-01;-8.316e-02;-2.375e-03
img_0498.png;497;1.640e-01;-8.325e-02;-2.447e-03
img_0499.png;498;1.643e-01;-8.339e-02;-2.411e-03
img_0500.png;499;1.647e-01;-8.355e-02;-2.322e-03
img_0501.png;500;1.650e-01;-8.373e-02;-2.368e-03
img_0502.png;501;1.655e-01;-8.387e-02;-2.409e-03
img_0503.png;502;1.658e-01;-8.412e-02;-2.420e-03
img_0504.png;503;1.661e-01;-8.437e-02;-2.390e-03
img_0505.png;504;1.666e-01;-8.453e-02;-2.380e-03
img_0506.png;505;1.670e-01;-8.465e-02;-2.414e-03
img_0507.png;506;1.674e-01;-8.479e-02;-2.436e-03
img_0508.png;507;1.678e-01;-8.492e-02;-2.399e-03
img_0509.png;508;1.682e-01;-8.500e-02;-2.385e-03
img_0510.png;509;1.685e-01;-8.521e-02;-2.397e-03
img_0511.png;510;1.689e-01;-8.541e-02;-2.368e-03
img_0512.png;511;1.693e-01;-8.559e-02;-2.385e-03
img_0513.png;512;1.696e-01;-8.576e-02;-2.383e-03
img_0514.png;513;1.701e-01;-8.586e-02;-2.364e-03
img_0515.png;514;1.704e-01;-8.600e-02;-2.396e-03
img_0516.png;515;1.708e-01;-8.616e-02;-2.413e-03
img_0517.png;516;1.713e-01;-8.628e-02;-2.410e-03
img_0518.png;517;1.717e-01;-8.641e-02;-2.423e-03
img_0519.png;518;1.721e-01;-8.661e-02;-2.427e-03
img_0520.png;519;1.725e-01;-8.678e-02;-2.445e-03
img_0521.png;520;1.728e-01;-8.698e-02;-2.414e-03
img_0522.png;521;1.732e-01;-8.718e-02;-2.451e-03
img_0523.png;522;1.735e-01;-8.736e-02;-2.462e-03
img_0524.png;523;1.739e-01;-8.757e-02;-2.458e-03
img_0525.png;524;1.743e-01;-8.766e-02;-2.422e-03
img_0526.png;525;1.747e-01;-8.777e-02;-2.429e-03
img_0527.png;526;1.751e-01;-8.791e-02;-2.437e-03
img_0528.png;527;1.754e-01;-8.807e-02;-2.455e-03
img_0529.png;528;1.759e-01;-8.824e-02;-2.471e-03
img_0530.png;529;1.763e-01;-8.841e-02;-2.476e-03
img_0531.png;530;1.768e-01;-8.860e-02;-2.453e-03
img_0532.png;531;1.772e-01;-8.876e-02;-2.466e-03
img_0533.png;532;1.775e-01;-8.892e-02;-2.481e-03
img_0534.png;533;1.779e-01;-8.914e-02;-2.478e-03
img_0535.png;534;1.782e-01;-8.931e-02;-2.460e-03
img_0536.png;535;1.786e-01;-8.946e-02;-2.449e-03
img_0537.png;536;1.790e-01;-8.956e-02;-2.423e-03
img_0538.png;537;1.794e-01;-8.968e-02;-2.452e-03
img_0539.png;538;1.798e-01;-8.980e-02;-2.474e-03
img_0540.png;539;1.802e-01;-8.999e-02;-2.482e-03
img_0541.png;540;1.807e-01;-9.018e-02;-2.450e-03
img_0542.png;541;1.811e-01;-9.034e-02;-2.483e-03
img_0543.png;542;1.814e-01;-9.050e-02;-2.464e-03
img_0544.png;543;1.817e-01;-9.077e-02;-2.507e-03
img_0545.png;544;1.822e-01;-9.093e-02;-2.543e-03
img_0546.png;545;1.826e-01;-9.107e-02;-2.531e-03
img_0547.png;546;1.830e-01;-9.126e-02;-2.527e-03
img_0548.png;547;1.834e-01;-9.141e-02;-2.524e-03
img_0549.png;548;1.837e-01;-9.162e-02;-2.500e-03
img_0550.png;549;1.842e-01;-9.168e-02;-2.535e-03
img_0551.png;550;1.846e-01;-9.181e-02;-2.463e-03
img_0552.png;551;1.850e-01;-9.194e-02;-2.484e-03
img_0553.png;552;1.853e-01;-9.210e-02;-2.461e-03
img_0554.png;553;1.858e-01;-9.226e-02;-2.508e-03
img_0555.png;554;1.861e-01;-9.251e-02;-2.569e-03
img_0556.png;555;1.866e-01;-9.265e-02;-2.558e-03
img_0557.png;556;1.870e-01;-9.282e-02;-2.536e-03
img_0558.png;557;1.874e-01;-9.305e-02;-2.497e-03
img_0559.png;558;1.877e-01;-9.323e-02;-2.476e-03
img_0560.png;559;1.881e-01;-9.338e-02;-2.501e-03
img_0561.png;560;1.886e-01;-9.349e-02;-2.532e-03
img_0562.png;561;1.890e-01;-9.364e-02;-2.563e-03
img_0563.png;562;1.894e-01;-9.383e-02;-2.559e-03
img_0564.png;563;1.898e-01;-9.400e-02;-2.535e-03
img_0565.png;564;1.903e-01;-9.413e-02;-2.547e-03
img_0566.png;565;1.907e-01;-9.430e-02;-2.564e-03
img_0567.png;566;1.910e-01;-9.448e-02;-2.519e-03
img_0568.png;567;1.914e-01;-9.463e-02;-2.534e-03
img_0569.png;568;1.917e-01;-9.479e-02;-2.542e-03
img_0570.png;569;1.921e-01;-9.494e-02;-2.515e-03
img_0571.png;570;1.926e-01;-9.508e-02;-2.507e-03
img_0572.png;571;1.931e-01;-9.523e-02;-2.548e-03
img_0573.png;572;1.935e-01;-9.541e-02;-2.563e-03
img_0574.png;573;1.939e-01;-9.560e-02;-2.598e-03
img_0575.png;574;1.943e-01;-9.580e-02;-2.616e-03
img_0576.png;575;1.947e-01;-9.597e-02;-2.584e-03
img_0577.png;576;1.951e-01;-9.615e-02;-2.596e-03
img_0578.png;577;1.956e-01;-9.634e-02;-2.581e-03
img_0579.png;578;1.959e-01;-9.650e-02;-2.497e-03
img_0580.png;579;1.963e-01;-9.665e-02;-2.497e-03
img_0581.png;580;1.968e-01;-9.672e-02;-2.481e-03
img_0582.png;581;1.972e-01;-9.691e-02;-2.538e-03
img_0583.png;582;1.976e-01;-9.709e-02;-2.563e-03
img_0584.png;583;1.981e-01;-9.728e-02;-2.532e-03
img_0585.png;584;1.985e-01;-9.741e-02;-2.548e-03
img_0586.png;585;1.988e-01;-9.760e-02;-2.564e-03
img_0587.png;586;1.992e-01;-9.786e-02;-2.613e-03
img_0588.png;587;1.996e-01;-9.799e-02;-2.588e-03
img_0589.png;588;2.000e-01;-9.809e-02;-2.629e-03
img_0590.png;589;2.004e-01;-9.825e-02;-2.631e-03
img_0591.png;590;2.009e-01;-9.836e-02;-2.600e-03
img_0592.png;591;2.013e-01;-9.854e-02;-2.614e-03
img_0593.png;592;2.017e-01;-9.869e-02;-2.603e-03
img_0594.png;593;2.021e-01;-9.887e-02;-2.606e-03
img_0595.png;594;2.026e-01;-9.907e-02;-2.579e-03
img_0596.png;595;2.031e-01;-9.914e-02;-2.591e-03
img_0597.png;596;2.035e-01;-9.935e-02;-2.643e-03
img_0598.png;597;2.038e-01;-9.954e-02;-2.672e-03
img_0599.png;598;2.042e-01;-9.976e-02;-2.686e-03
img_0600.png;599;2.046e-01;-9.989e-02;-2.663e-03
img_0601.png;600;2.051e-01;-1.000e-01;-2.648e-03
img_0602.png;601;2.054e-01;-1.002e-01;-2.603e-03
img_0603.png;602;2.059e-01;-1.004e-01;-2.570e-03
img_0604.png;603;2.063e-01;-1.005e-01;-2.574e-03
img_0605.png;604;2.068e-01;-1.007e-01;-2.555e-03
img_0606.png;605;2.073e-01;-1.008e-01;-2.544e-03
img_0607.png;606;2.077e-01;-1.010e-01;-2.537e-03
img_0608.png;607;2.081e-01;-1.012e-01;-2.587e-03
img_0609.png;608;2.085e-01;-1.014e-01;-2.648e-03
img_0610.png;609;2.089e-01;-1.015e-01;-2.681e-03
img_0611.png;610;2.093e-01;-1.017e-01;-2.628e-03
img_0612.png;611;2.097e-01;-1.019e-01;-2.658e-03
img_0613.png;612;2.100e-01;-1.021e-01;-2.696e-03
img_0614.png;613;2.105e-01;-1.022e-01;-2.682e-03
img_0615.png;614;2.109e-01;-1.023e-01;-2.678e-03
img_0616.png;615;2.114e-01;-1.025e-01;-2.623e-03
img_0617.png;616;2.119e-01;-1.026e-01;-2.626e-03
img_0618.png;617;2.123e-01;-1.028e-01;-2.647e-03
img_0619.png;618;2.126e-01;-1.030e-01;-2.697e-03
img_0620.png;619;2.131e-01;-1.032e-01;-2.697e-03
img_0621.png;620;2.134e-01;-1.034e-01;-2.729e-03
img_0622.png;621;2.139e-01;-1.036e-01;-2.692e-03
img_0623.png;622;2.143e-01;-1.038e-01;-2.642e-03
img_0624.png;623;2.148e-01;-1.039e-01;-2.639e-03
img_0625.png;624;2.152e-01;-1.041e-01;-2.645e-03
img_0626.png;625;2.157e-01;-1.042e-01;-2.644e-03
img_0627.png;626;2.162e-01;-1.043e-01;-2.646e-03
img_0628.png;627;2.166e-01;-1.044e-01;-2.657e-03
img_0629.png;628;2.170e-01;-1.046e-01;-2.649e-03
img_0630.png;629;2.175e-01;-1.048e-01;-2.645e-03
img_0631.png;630;2.178e-01;-1.050e-01;-2.688e-03
img_0632.png;631;2.183e-01;-1.052e-01;-2.683e-03
img_0633.png;632;2.187e-01;-1.053e-01;-2.637e-03
img_0634.png;633;2.192e-01;-1.055e-01;-2.615e-03
img_0635.png;634;2.196e-01;-1.057e-01;-2.637e-03
img_0636.png;635;2.200e-01;-1.059e-01;-2.643e-03
img_0637.png;636;2.204e-01;-1.060e-01;-2.672e-03
img_0638.png;637;2.208e-01;-1.063e-01;-2.752e-03
img_0639.png;638;2.212e-01;-1.064e-01;-2.773e-03
img_0640.png;639;2.217e-01;-1.066e-01;-2.785e-03
img_0641.png;640;2.221e-01;-1.067e-01;-2.776e-03
img_0642.png;641;2.226e-01;-1.069e-01;-2.764e-03
img_0643.png;642;2.230e-01;-1.070e-01;-2.708e-03
img_0644.png;643;2.234e-01;-1.072e-01;-2.721e-03
img_0645.png;644;2.238e-01;-1.074e-01;-2.679e-03
img_0646.png;645;2.243e-01;-1.075e-01;-2.679e-03
img_0647.png;646;2.248e-01;-1.077e-01;-2.699e-03
img_0648.png;647;2.252e-01;-1.078e-01;-2.688e-03
img_0649.png;648;2.257e-01;-1.081e-01;-2.716e-03
img_0650.png;649;2.262e-01;-1.082e-01;-2.727e-03
img_0651.png;650;2.267e-01;-1.084e-01;-2.704e-03
img_0652.png;651;2.271e-01;-1.086e-01;-2.713e-03
img_0653.png;652;2.275e-01;-1.087e-01;-2.698e-03
img_0654.png;653;2.279e-01;-1.090e-01;-2.727e-03
img_0655.png;654;2.283e-01;-1.092e-01;-2.719e-03
img_0656.png;655;2.287e-01;-1.093e-01;-2.697e-03
img_0657.png;656;2.292e-01;-1.095e-01;-2.714e-03
img_0658.png;657;2.297e-01;-1.096e-01;-2.727e-03
img_0659.png;658;2.301e-01;-1.098e-01;-2.702e-03
img_0660.png;659;2.306e-01;-1.099e-01;-2.747e-03
img_0661.png;660;2.310e-01;-1.101e-01;-2.738e-03
img_0662.png;661;2.315e-01;-1.103e-01;-2.720e-03
img_0663.png;662;2.318e-01;-1.105e-01;-2.786e-03
img_0664.png;663;2.323e-01;-1.106e-01;-2.770e-03
img_0665.png;664;2.327e-01;-1.109e-01;-2.778e-03
img_0666.png;665;2.331e-01;-1.110e-01;-2.804e-03
img_0667.png;666;2.336e-01;-1.112e-01;-2.839e-03
img_0668.png;667;2.341e-01;-1.114e-01;-2.778e-03
img_0669.png;668;2.345e-01;-1.115e-01;-2.783e-03
img_0670.png;669;2.351e-01;-1.117e-01;-2.785e-03
img_0671.png;670;2.355e-01;-1.118e-01;-2.761e-03
img_0672.png;671;2.360e-01;-1.119e-01;-2.778e-03
img_0673.png;672;2.364e-01;-1.121e-01;-2.803e-03
img_0674.png;673;2.368e-01;-1.123e-01;-2.714e-03
img_0675.png;674;2.373e-01;-1.125e-01;-2.739e-03
img_0676.png;675;2.378e-01;-1.127e-01;-2.755e-03
img_0677.png;676;2.382e-01;-1.129e-01;-2.839e-03
img_0678.png;677;2.386e-01;-1.131e-01;-2.802e-03
img_0679.png;678;2.391e-01;-1.132e-01;-2.798e-03
img_0680.png;679;2.396e-01;-1.134e-01;-2.737e-03
img_0681.png;680;2.401e-01;-1.136e-01;-2.747e-03
img_0682.png;681;2.405e-01;-1.137e-01;-2.753e-03
img_0683.png;682;2.409e-01;-1.139e-01;-2.742e-03
img_0684.png;683;2.414e-01;-1.141e-01;-2.733e-03
img_0685.png;684;2.419e-01;-1.143e-01;-2.743e-03
img_0686.png;685;2.423e-01;-1.145e-01;-2.732e-03
img_0687.png;686;2.428e-01;-1.147e-01;-2.780e-03
img_0688.png;687;2.433e-01;-1.148e-01;-2.765e-03
img_0689.png;688;2.436e-01;-1.151e-01;-2.883e-03
img_0690.png;689;2.441e-01;-1.152e-01;-2.876e-03
img_0691.png;690;2.446e-01;-1.153e-01;-2.833e-03
img_0692.png;691;2.451e-01;-1.155e-01;-2.895e-03
img_0693.png;692;2.455e-01;-1.157e-01;-2.901e-03
img_0694.png;693;2.459e-01;-1.158e-01;-2.860e-03
img_0695.png;694;2.464e-01;-1.160e-01;-2.835e-03
img_0696.png;695;2.469e-01;-1.161e-01;-2.834e-03
img_0697.png;696;2.474e-01;-1.164e-01;-2.765e-03
img_0698.png;697;2.480e-01;-1.165e-01;-2.805e-03
img_0699.png;698;2.484e-01;-1.166e-01;-2.798e-03
img_0700.png;699;2.488e-01;-1.168e-01;-2.794e-03
img_0701.png;700;2.492e-01;-1.170e-01;-2.840e-03
img_0702.png;701;2.497e-01;-1.172e-01;-2.874e-03
img_0703.png;702;2.502e-01;-1.174e-01;-2.856e-03
img_0704.png;703;2.506e-01;-1.176e-01;-2.853e-03
img_0705.png;704;2.510e-01;-1.179e-01;-2.831e-03
img_0706.png;705;2.515e-01;-1.180e-01;-2.824e-03
img_0707.png;706;2.520e-01;-1.182e-01;-2.817e-03
img_0708.png;707;2.524e-01;-1.183e-01;-2.838e-03
img_0709.png;708;2.529e-01;-1.185e-01;-2.828e-03
img_0710.png;709;2.535e-01;-1.186e-01;-2.825e-03
img_0711.png;710;2.540e-01;-1.187e-01;-2.813e-03
img_0712.png;711;2.543e-01;-1.189e-01;-2.836e-03
img_0713.png;712;2.548e-01;-1.191e-01;-2.862e-03
img_0714.png;713;2.552e-01;-1.193e-01;-2.904e-03
img_0715.png;714;2.557e-01;-1.194e-01;-2.880e-03
img_0716.png;715;2.562e-01;-1.196e-01;-2.853e-03
img_0717.png;716;2.568e-01;-1.198e-01;-2.854e-03
img_0718.png;717;2.573e-01;-1.200e-01;-2.848e-03
img_0719.png;718;2.577e-01;-1.202e-01;-2.906e-03
img_0720.png;719;2.581e-01;-1.203e-01;-2.950e-03
img_0721.png;720;2.586e-01;-1.206e-01;-2.949e-03
img_0722.png;721;2.591e-01;-1.207e-01;-2.930e-03
img_0723.png;722;2.595e-01;-1.209e-01;-2.949e-03
img_0724.png;723;2.600e-01;-1.211e-01;-2.940e-03
img_0725.png;724;2.605e-01;-1.213e-01;-2.910e-03
img_0726.png;725;2.610e-01;-1.214e-01;-2.877e-03
img_0727.png;726;2.614e-01;-1.216e-01;-2.854e-03
img_0728.png;727;2.618e-01;-1.218e-01;-2.841e-03
img_0729.png;728;2.623e-01;-1.219e-01;-2.859e-03
img_0730.png;729;2.628e-01;-1.221e-01;-2.886e-03
img_0731.png;730;2.632e-01;-1.222e-01;-2.886e-03
img_0732.png;731;2.637e-01;-1.224e-01;-2.911e-03
img_0733.png;732;2.641e-01;-1.226e-01;-2.936e-03
img_0734.png;733;2.647e-01;-1.227e-01;-2.950e-03
img_0735.png;734;2.651e-01;-1.229e-01;-2.952e-03
img_0736.png;735;2.656e-01;-1.231e-01;-2.982e-03
img_0737.png;736;2.661e-01;-1.232e-01;-2.981e-03
img_0738.png;737;2.665e-01;-1.234e-01;-2.976e-03
img_0739.png;738;2.669e-01;-1.236e-01;-3.010e-03
img_0740.png;739;2.675e-01;-1.237e-01;-2.977e-03
img_0741.png;740;2.679e-01;-1.240e-01;-2.950e-03
img_0742.png;741;2.685e-01;-1.241e-01;-2.925e-03
img_0743.png;742;2.689e-01;-1.243e-01;-2.915e-03
img_0744.png;743;2.695e-01;-1.245e-01;-2.895e-03
img_0745.png;744;2.700e-01;-1.247e-01;-2.879e-03
img_0746.png;745;2.705e-01;-1.248e-01;-2.918e-03
img_0747.png;746;2.709e-01;-1.250e-01;-2.921e-03
img_0748.png;747;2.713e-01;-1.252e-01;-2.951e-03
img_0749.png;748;2.719e-01;-1.253e-01;-2.970e-03
img_0750.png;749;2.723e-01;-1.255e-01;-2.988e-03
img_0751.png;750;2.728e-01;-1.257e-01;-3.002e-03
img_0752.png;751;2.732e-01;-1.259e-01;-3.023e-03
img_0753.png;752;2.737e-01;-1.261e-01;-3.029e-03
img_0754.png;753;2.742e-01;-1.262e-01;-2.987e-03
img_0755.png;754;2.746e-01;-1.264e-01;-2.974e-03
img_0756.png;755;2.752e-01;-1.266e-01;-2.984e-03
img_0757.png;756;2.757e-01;-1.268e-01;-2.969e-03
img_0758.png;757;2.761e-01;-1.269e-01;-2.949e-03
img_0759.png;758;2.765e-01;-1.270e-01;-2.977e-03
img_0760.png;759;2.770e-01;-1.272e-01;-2.987e-03
img_0761.png;760;2.774e-01;-1.273e-01;-2.996e-03
img_0762.png;761;2.778e-01;-1.275e-01;-3.034e-03
img_0763.png;762;2.783e-01;-1.277e-01;-3.060e-03
img_0764.png;763;2.787e-01;-1.278e-01;-3.049e-03
img_0765.png;764;2.791e-01;-1.280e-01;-3.061e-03
img_0766.png;765;2.796e-01;-1.281e-01;-3.100e-03
img_0767.png;766;2.800e-01;-1.284e-01;-3.051e-03
img_0768.png;767;2.805e-01;-1.285e-01;-3.074e-03
img_0769.png;768;2.810e-01;-1.286e-01;-3.076e-03
img_0770.png;769;2.814e-01;-1.289e-01;-3.068e-03
img_0771.png;770;2.819e-01;-1.290e-01;-3.045e-03
img_0772.png;771;2.823e-01;-1.292e-01;-3.051e-03
img_0773.png;772;2.828e-01;-1.293e-01;-3.102e-03
img_0774.png;773;2.832e-01;-1.295e-01;-3.123e-03
img_0775.png;774;2.836e-01;-1.296e-01;-3.082e-03
img_0776.png;775;2.840e-01;-1.297e-01;-3.060e-03
img_0777.png;776;2.843e-01;-1.299e-01;-3.094e-03
img_0778.png;777;2.848e-01;-1.300e-01;-3.065e-03
img_0779.png;778;2.852e-01;-1.302e-01;-3.074e-03
img_0780.png;779;2.856e-01;-1.303e-01;-3.062e-03
img_0781.png;780;2.861e-01;-1.304e-01;-3.072e-03
img_0782.png;781;2.865e-01;-1.307e-01;-3.074e-03
img_0783.png;782;2.870e-01;-1.309e-01;-3.118e-03
img_0784.png;783;2.875e-01;-1.309e-01;-3.108e-03
img_0785.png;784;2.878e-01;-1.311e-01;-3.101e-03
img_0786.png;785;2.883e-01;-1.313e-01;-3.141e-03
img_0787.png;786;2.887e-01;-1.315e-01;-3.124e-03
img_0788.png;787;2.892e-01;-1.316e-01;-3.143e-03
img_0789.png;788;2.895e-01;-1.317e-01;-3.107e-03
img_0790.png;789;2.899e-01;-1.319e-01;-3.110e-03
img_0791.png;790;2.902e-01;-1.320e-01;-3.118e-03
img_0792.png;791;2.906e-01;-1.322e-01;-3.114e-03
img_0793.png;792;2.910e-01;-1.323e-01;-3.083e-03
img_0794.png;793;2.914e-01;-1.324e-01;-3.101e-03
img_0795.png;794;2.919e-01;-1.325e-01;-3.085e-03
img_0796.png;795;2.922e-01;-1.327e-01;-3.124e-03
img_0797.png;796;2.926e-01;-1.328e-01;-3.123e-03
img_0798.png;797;2.930e-01;-1.329e-01;-3.089e-03
img_0799.png;798;2.934e-01;-1.330e-01;-3.118e-03
img_0800.png;799;2.938e-01;-1.331e-01;-3.131e-03
img_0801.png;800;2.941e-01;-1.332e-01;-3.171e-03
img_0802.png;801;2.944e-01;-1.334e-01;-3.148e-03
img_0803.png;802;2.947e-01;-1.335e-01;-3.115e-03
img_0804.png;803;2.951e-01;-1.336e-01;-3.171e-03
img_0805.png;804;2.954e-01;-1.337e-01;-3.166e-03
img_0806.png;805;2.958e-01;-1.338e-01;-3.139e-03
img_0807.png;806;2.961e-01;-1.339e-01;-3.159e-03
img_0808.png;807;2.964e-01;-1.341e-01;-3.116e-03
img_0809.png;808;2.967e-01;-1.342e-01;-3.097e-03
img_0810.png;809;2.970e-01;-1.343e-01;-3.129e-03
img_0811.png;810;2.974e-01;-1.344e-01;-3.088e-03
img_0812.png;811;2.978e-01;-1.345e-01;-3.058e-03
img_0813.png;812;2.981e-01;-1.346e-01;-3.058e-03
img_0814.png;813;2.982e-01;-1.347e-01;-3.034e-03
img_0815.png;814;2.986e-01;-1.348e-01;-3.052e-03
img_0816.png;815;2.988e-01;-1.349e-01;-3.066e-03
img_0817.png;816;2.991e-01;-1.350e-01;-3.079e-03
img_0818.png;817;2.994e-01;-1.351e-01;-3.057e-03
img_0819.png;818;2.996e-01;-1.352e-01;-3.063e-03
img_0820.png;819;2.999e-01;-1.353e-01;-3.069e-03
img_0821.png;820;3.002e-01;-1.354e-01;-3.062e-03
img_0822.png;821;3.004e-01;-1.354e-01;-3.098e-03
img_0823.png;822;3.007e-01;-1.355e-01;-3.079e-03
img_0824.png;823;3.009e-01;-1.356e-01;-3.102e-03
img_0825.png;824;3.011e-01;-1.357e-01;-3.091e-03
img_0826.png;825;3.013e-01;-1.357e-01;-3.078e-03
img_0827.png;826;3.015e-01;-1.358e-01;-3.086e-03
img_0828.png;827;3.017e-01;-1.359e-01;-3.081e-03
img_0829.png;828;3.019e-01;-1.359e-01;-3.071e-03
img_0830.png;829;3.021e-01;-1.360e-01;-3.102e-03
img_0831.png;830;3.022e-01;-1.361e-01;-3.116e-03
img_0832.png;831;3.025e-01;-1.361e-01;-3.109e-03
img_0833.png;832;3.027e-01;-1.361e-01;-3.064e-03
img_0834.png;833;3.029e-01;-1.363e-01;-3.074e-03
img_0835.png;834;3.029e-01;-1.363e-01;-3.096e-03
img_0836.png;835;3.031e-01;-1.363e-01;-3.111e-03
img_0837.png;836;3.033e-01;-1.364e-01;-3.094e-03
img_0838.png;837;3.035e-01;-1.364e-01;-3.081e-03
img_0839.png;838;3.037e-01;-1.365e-01;-3.119e-03
img_0840.png;839;3.038e-01;-1.365e-01;-3.110e-03
img_0841.png;840;3.039e-01;-1.366e-01;-3.118e-03
img_0842.png;841;3.041e-01;-1.366e-01;-3.108e-03
img_0843.png;842;3.042e-01;-1.367e-01;-3.109e-03
img_0844.png;843;3.042e-01;-1.367e-01;-3.082e-03
img_0845.png;844;3.044e-01;-1.367e-01;-3.098e-03
img_0846.png;845;3.045e-01;-1.367e-01;-3.081e-03
img_0847.png;846;3.046e-01;-1.368e-01;-3.088e-03
img_0848.png;847;3.047e-01;-1.368e-01;-3.107e-03
img_0849.png;848;3.048e-01;-1.368e-01;-3.096e-03
img_0850.png;849;3.049e-01;-1.369e-01;-3.094e-03
img_0851.png;850;3.049e-01;-1.369e-01;-3.081e-03
img_0852.png;851;3.050e-01;-1.369e-01;-3.126e-03
img_0853.png;852;3.051e-01;-1.370e-01;-3.090e-03
img_0854.png;853;3.052e-01;-1.370e-01;-3.097e-03
img_0855.png;854;3.052e-01;-1.370e-01;-3.095e-03
img_0856.png;855;3.053e-01;-1.370e-01;-3.129e-03
img_0857.png;856;3.054e-01;-1.370e-01;-3.091e-03
img_0858.png;857;3.053e-01;-1.371e-01;-3.074e-03
img_0859.png;858;3.054e-01;-1.371e-01;-3.068e-03
img_0860.png;859;3.055e-01;-1.371e-01;-3.135e-03
img_0861.png;860;3.055e-01;-1.371e-01;-3.102e-03
img_0862.png;861;3.056e-01;-1.371e-01;-3.081e-03
img_0863.png;862;3.056e-01;-1.371e-01;-3.082e-03
img_0864.png;863;3.057e-01;-1.371e-01;-3.110e-03
img_0865.png;864;3.057e-01;-1.372e-01;-3.109e-03
img_0866.png;865;3.057e-01;-1.372e-01;-3.111e-03
img_0867.png;866;3.057e-01;-1.372e-01;-3.090e-03
img_0868.png;867;3.057e-01;-1.371e-01;-3.088e-03
img_0869.png;868;3.057e-01;-1.372e-01;-3.065e-03
img_0870.png;869;3.058e-01;-1.372e-01;-3.123e-03
img_0871.png;870;3.058e-01;-1.372e-01;-3.129e-03
img_0872.png;871;3.058e-01;-1.372e-01;-3.081e-03
img_0873.png;872;3.058e-01;-1.372e-01;-3.081e-03
img_0874.png;873;3.058e-01;-1.372e-01;-3.073e-03
img_0875.png;874;3.058e-01;-1.372e-01;-3.104e-03
img_0876.png;875;3.059e-01;-1.372e-01;-3.122e-03
img_0877.png;876;3.059e-01;-1.372e-01;-3.083e-03
img_0878.png;877;3.059e-01;-1.372e-01;-3.089e-03
img_0879.png;878;3.059e-01;-1.372e-01;-3.133e-03
img_0880.png;879;3.059e-01;-1.373e-01;-3.135e-03
img_0881.png;880;3.059e-01;-1.373e-01;-3.109e-03
img_0882.png;881;3.059e-01;-1.372e-01;-3.095e-03
img_0883.png;882;3.059e-01;-1.372e-01;-3.112e-03
img_0884.png;883;3.059e-01;-1.372e-01;-3.057e-03
img_0885.png;884;3.059e-01;-1.373e-01;-3.075e-03
img_0886.png;885;3.059e-01;-1.372e-01;-3.102e-03
img_0887.png;886;3.059e-01;-1.373e-01;-3.102e-03
img_0888.png;887;3.059e-01;-1.373e-01;-3.099e-03
img_0889.png;888;3.059e-01;-1.372e-01;-3.066e-03
img_0890.png;889;3.060e-01;-1.373e-01;-3.089e-03
img_0891.png;890;3.058e-01;-1.372e-01;-3.099e-03
img_0892.png;891;3.060e-01;-1.372e-01;-3.142e-03
img_0893.png;892;3.059e-01;-1.373e-01;-3.090e-03
img_0894.png;893;3.059e-01;-1.373e-01;-3.082e-03
img_0895.png;894;3.059e-01;-1.373e-01;-3.095e-03
img_0896.png;895;3.059e-01;-1.373e-01;-3.075e-03
img_0897.png;896;3.059e-01;-1.373e-01;-3.048e-03
img_0898.png;897;3.059e-01;-1.372e-01;-3.093e-03
img_0899.png;898;3.059e-01;-1.372e-01;-3.124e-03
img_0900.png;899;3.058e-01;-1.372e-01;-3.082e-03
img_0901.png;900;3.059e-01;-1.372e-01;-3.101e-03
img_0902.png;901;3.059e-01;-1.372e-01;-3.114e-03
img_0903.png;902;3.059e-01;-1.372e-01;-3.086e-03
img_0904.png;903;3.059e-01;-1.372e-01;-3.092e-03
img_0905.png;904;3.059e-01;-1.372e-01;-3.104e-03
img_0906.png;905;3.058e-01;-1.372e-01;-3.081e-03
img_0907.png;906;3.058e-01;-1.372e-01;-3.106e-03
img_0908.png;907;3.058e-01;-1.372e-01;-3.109e-03
img_0909.png;908;3.059e-01;-1.372e-01;-3.121e-03
img_0910.png;909;3.058e-01;-1.371e-01;-3.128e-03
img_0911.png;910;3.058e-01;-1.372e-01;-3.126e-03
img_0912.png;911;3.058e-01;-1.372e-01;-3.154e-03
img_0913.png;912;3.058e-01;-1.371e-01;-3.138e-03
img_0914.png;913;3.057e-01;-1.371e-01;-3.153e-03
img_0915.png;914;3.058e-01;-1.371e-01;-3.171e-03
img_0916.png;915;3.058e-01;-1.371e-01;-3.173e-03
img_0917.png;916;3.058e-01;-1.371e-01;-3.180e-03
img_0918.png;917;3.058e-01;-1.371e-01;-3.206e-03
img_0919.png;918;3.058e-01;-1.371e-01;-3.228e-03
img_0920.png;919;3.058e-01;-1.371e-01;-3.237e-03
img_0921.png;920;3.058e-01;-1.371e-01;-3.261e-03
img_0922.png;921;3.058e-01;-1.371e-01;-3.297e-03
img_0923.png;922;3.058e-01;-1.371e-01;-3.305e-03
img_0924.png;923;3.058e-01;-1.372e-01;-3.277e-03
img_0925.png;924;3.057e-01;-1.373e-01;-3.294e-03
img_0926.png;925;3.057e-01;-1.373e-01;-3.288e-03
img_0927.png;926;3.056e-01;-1.372e-01;-3.263e-03
img_0928.png;927;3.056e-01;-1.371e-01;-3.246e-03
img_0929.png;928;3.056e-01;-1.372e-01;-3.306e-03
img_0930.png;929;3.055e-01;-1.372e-01;-3.378e-03
img_0931.png;930;3.055e-01;-1.372e-01;-3.424e-03
img_0932.png;931;3.055e-01;-1.371e-01;-3.506e-03
img_0933.png;932;3.053e-01;-1.372e-01;-3.549e-03
img_0934.png;933;3.054e-01;-1.372e-01;-3.586e-03
img_0935.png;934;3.053e-01;-1.371e-01;-3.563e-03
img_0936.png;935;3.053e-01;-1.372e-01;-3.580e-03