Result file;00-01.res
Reference image;img_0001.png
Strain gage;2
Small strain
Position X [pixel];Position Y [pixel]; Orientation; Length [pixel]; Width [pixel]
583.500000;1458.500000;90.000000;95.000000;55.000000
Filename;Step;Longitudinal strain [];Transverse strain [];Shear strain []
"img_0002.png";1;1.691e-04;1.180e-06;2.027e-05
"img_0003.png";2;2.435e-04;2.244e-04;1.122e-04
"img_0004.png";3;3.104e-04;3.222e-05;1.180e-04
"img_0005.png";4;4.835e-04;-2.145e-06;-5.267e-05
"img_0006.png";5;6.424e-04;2.492e-04;4.495e-05
"img_0007.png";6;8.388e-04;7.649e-05;2.914e-04
"img_0008.png";7;9.620e-04;5.873e-04;1.124e-04
"img_0009.png";8;7.138e-04;4.251e-04;1.143e-04
"img_0010.png";9;7.081e-04;3.264e-04;8.372e-05
"img_0011.png";10;8.882e-04;2.028e-04;1.968e-04
"img_0012.png";11;1.037e-03;2.419e-04;2.403e-04
"img_0013.png";12;1.239e-03;2.868e-04;1.866e-04
"img_0014.png";13;1.439e-03;1.101e-04;2.157e-04
"img_0015.png";14;1.164e-03;8.817e-05;8.536e-05
"img_0016.png";15;1.055e-03;2.632e-04;1.137e-04
"img_0017.png";16;9.607e-04;1.961e-04;1.652e-04
"img_0018.png";17;1.034e-03;2.950e-04;1.290e-04
"img_0019.png";18;1.103e-03;2.064e-04;2.113e-04
"img_0020.png";19;1.474e-03;-1.756e-05;2.439e-04
"img_0021.png";20;1.682e-03;1.043e-04;3.802e-04
"img_0022.png";21;1.381e-03;1.903e-04;3.105e-04
"img_0023.png";22;1.301e-03;1.327e-04;5.975e-05
"img_0024.png";23;1.265e-03;5.341e-05;1.246e-04
"img_0025.png";24;1.347e-03;9.714e-05;1.868e-05
"img_0026.png";25;1.555e-03;5.931e-05;1.090e-07
"img_0027.png";26;1.719e-03;2.473e-04;1.436e-04
"img_0028.png";27;1.821e-03;1.795e-04;1.562e-04
"img_0029.png";28;1.729e-03;4.248e-04;2.063e-04
"img_0030.png";29;1.428e-03;3.553e-04;2.136e-04
"img_0031.png";30;1.226e-03;3.844e-04;2.328e-04
"img_0032.png";31;1.337e-03;3.995e-04;1.354e-04
"img_0033.png";32;1.482e-03;2.864e-04;1.028e-04
"img_0034.png";33;1.731e-03;4.819e-05;1.356e-04
"img_0035.png";34;2.011e-03;-1.202e-04;1.865e-04
"img_0036.png";35;2.271e-03;1.773e-05;2.087e-04
"img_0037.png";36;2.138e-03;-2.060e-04;1.799e-04
"img_0038.png";37;1.877e-03;-1.908e-04;1.166e-04
"img_0039.png";38;1.776e-03;-6.841e-05;2.149e-04
"img_0040.png";39;1.735e-03;1.543e-05;1.371e-04
"img_0041.png";40;1.879e-03;1.321e-05;1.873e-04
"img_0042.png";41;2.423e-03;-1.423e-05;2.444e-04
"img_0043.png";42;2.648e-03;-1.048e-04;1.060e-04
"img_0044.png";43;2.322e-03;5.443e-06;3.985e-05
"img_0045.png";44;2.026e-03;1.792e-04;4.260e-05
"img_0046.png";45;2.168e-03;2.910e-04;3.779e-04
"img_0047.png";46;2.005e-03;3.573e-04;3.705e-04
"img_0048.png";47;1.831e-03;2.040e-05;3.464e-05
"img_0049.png";48;1.931e-03;2.063e-04;-1.567e-05
"img_0050.png";49;2.354e-03;2.507e-04;5.401e-04
"img_0051.png";50;2.239e-03;2.137e-04;5.804e-04
"img_0052.png";51;2.131e-03;-2.957e-05;2.228e-04
"img_0053.png";52;3.160e-03;-5.693e-04;-6.178e-05
"img_0054.png";53;4.664e-03;-8.259e-04;-1.763e-04
"img_0055.png";54;7.105e-03;-8.872e-04;-9.183e-05
"img_0056.png";55;9.619e-03;-1.579e-03;-1.910e-04
"img_0057.png";56;1.151e-02;-2.271e-03;4.800e-05
"img_0058.png";57;1.428e-02;-2.864e-03;5.802e-04
"img_0059.png";58;1.629e-02;-3.250e-03;4.682e-04
"img_0060.png";59;1.770e-02;-3.529e-03;3.698e-04
"img_0061.png";60;1.964e-02;-3.829e-03;4.726e-04
"img_0062.png";61;2.192e-02;-4.274e-03;8.108e-04
"img_0063.png";62;2.383e-02;-4.609e-03;7.066e-04
"img_0064.png";63;2.502e-02;-5.425e-03;5.158e-04
"img_0065.png";64;2.662e-02;-5.988e-03;5.295e-04
"img_0066.png";65;2.863e-02;-6.223e-03;1.015e-03
"img_0067.png";66;3.087e-02;-6.416e-03;1.026e-03
"img_0068.png";67;3.301e-02;-6.741e-03;6.758e-04
"img_0069.png";68;3.502e-02;-7.253e-03;5.516e-04
"img_0070.png";69;3.769e-02;-7.701e-03;5.043e-04
"img_0071.png";70;4.039e-02;-8.138e-03;4.228e-04
"img_0072.png";71;4.252e-02;-8.434e-03;2.402e-04
"img_0073.png";72;4.543e-02;-8.891e-03;-2.532e-05
"img_0074.png";73;4.810e-02;-9.296e-03;-1.494e-04
"img_0075.png";74;5.012e-02;-9.772e-03;-2.390e-04
"img_0076.png";75;5.171e-02;-1.010e-02;-2.051e-04
"img_0077.png";76;5.298e-02;-1.050e-02;-1.018e-04
"img_0078.png";77;5.365e-02;-1.076e-02;-1.178e-05
"img_0079.png";78;5.403e-02;-1.088e-02;-1.311e-04
"img_0080.png";79;5.425e-02;-1.113e-02;-2.088e-04
"img_0081.png";80;5.447e-02;-1.135e-02;-2.134e-04
"img_0082.png";81;5.475e-02;-1.132e-02;-2.058e-04
"img_0083.png";82;5.506e-02;-1.161e-02;-2.437e-04
"img_0084.png";83;5.547e-02;-1.177e-02;-2.017e-04
"img_0085.png";84;5.582e-02;-1.188e-02;-3.926e-04
"img_0086.png";85;5.600e-02;-1.218e-02;-2.645e-04
"img_0087.png";86;5.644e-02;-1.218e-02;-3.935e-04
"img_0088.png";87;5.654e-02;-1.225e-02;-3.681e-04
"img_0089.png";88;5.675e-02;-1.231e-02;-3.527e-04
"img_0090.png";89;5.692e-02;-1.240e-02;-4.667e-04
"img_0091.png";90;5.705e-02;-1.254e-02;-4.763e-04
"img_0092.png";91;5.720e-02;-1.258e-02;-4.633e-04
"img_0093.png";92;5.743e-02;-1.278e-02;-5.228e-04
"img_0094.png";93;5.746e-02;-1.280e-02;-5.361e-04
"img_0095.png";94;5.746e-02;-1.279e-02;-5.090e-04
"img_0096.png";95;5.751e-02;-1.285e-02;-5.187e-04
"img_0097.png";96;5.753e-02;-1.264e-02;-4.822e-04
"img_0098.png";97;5.759e-02;-1.284e-02;-4.571e-04
"img_0099.png";98;5.762e-02;-1.281e-02;-5.521e-04
"img_0100.png";99;5.758e-02;-1.290e-02;-6.319e-04
"img_0101.png";100;5.766e-02;-1.292e-02;-5.977e-04
"img_0102.png";101;5.768e-02;-1.281e-02;-5.592e-04
"img_0103.png";102;5.773e-02;-1.288e-02;-6.843e-04
"img_0104.png";103;5.781e-02;-1.291e-02;-6.633e-04
"img_0105.png";104;5.781e-02;-1.288e-02;-6.398e-04
"img_0106.png";105;5.789e-02;-1.297e-02;-5.247e-04
"img_0107.png";106;5.784e-02;-1.287e-02;-5.287e-04
"img_0108.png";107;5.793e-02;-1.305e-02;-6.321e-04
"img_0109.png";108;5.797e-02;-1.302e-02;-6.397e-04
"img_0110.png";109;5.802e-02;-1.294e-02;-6.743e-04
"img_0111.png";110;5.803e-02;-1.304e-02;-6.972e-04
"img_0112.png";111;5.805e-02;-1.316e-02;-6.961e-04
"img_0113.png";112;5.807e-02;-1.321e-02;-5.709e-04
"img_0114.png";113;5.805e-02;-1.329e-02;-6.866e-04
"img_0115.png";114;5.813e-02;-1.333e-02;-7.034e-04
"img_0116.png";115;5.804e-02;-1.318e-02;-6.682e-04
"img_0117.png";116;5.809e-02;-1.307e-02;-6.739e-04
"img_0118.png";117;5.817e-02;-1.322e-02;-7.120e-04
"img_0119.png";118;5.806e-02;-1.331e-02;-6.113e-04
"img_0120.png";119;5.810e-02;-1.341e-02;-6.910e-04
"img_0121.png";120;5.812e-02;-1.344e-02;-6.688e-04
"img_0122.png";121;5.808e-02;-1.352e-02;-6.276e-04
"img_0123.png";122;5.800e-02;-1.344e-02;-7.025e-04
"img_0124.png";123;5.795e-02;-1.325e-02;-7.137e-04
"img_0125.png";124;5.804e-02;-1.334e-02;-6.246e-04
"img_0126.png";125;5.801e-02;-1.331e-02;-6.596e-04
"img_0127.png";126;5.810e-02;-1.331e-02;-5.984e-04
"img_0128.png";127;5.806e-02;-1.316e-02;-5.818e-04
"img_0129.png";128;5.815e-02;-1.333e-02;-6.880e-04
"img_0130.png";129;5.808e-02;-1.339e-02;-6.692e-04
"img_0131.png";130;5.812e-02;-1.338e-02;-5.977e-04
"img_0132.png";131;5.810e-02;-1.345e-02;-6.721e-04
"img_0133.png";132;5.819e-02;-1.342e-02;-6.490e-04
"img_0134.png";133;5.822e-02;-1.342e-02;-6.864e-04
"img_0135.png";134;5.815e-02;-1.342e-02;-7.353e-04
"img_0136.png";135;5.806e-02;-1.330e-02;-5.990e-04
"img_0137.png";136;5.809e-02;-1.325e-02;-5.703e-04
"img_0138.png";137;5.815e-02;-1.340e-02;-6.629e-04
"img_0139.png";138;5.819e-02;-1.340e-02;-7.338e-04
"img_0140.png";139;5.822e-02;-1.327e-02;-6.569e-04
"img_0141.png";140;5.819e-02;-1.330e-02;-7.281e-04
"img_0142.png";141;5.818e-02;-1.333e-02;-6.304e-04
"img_0143.png";142;5.824e-02;-1.325e-02;-7.470e-04
"img_0144.png";143;5.820e-02;-1.335e-02;-6.901e-04
"img_0145.png";144;5.820e-02;-1.341e-02;-7.865e-04
"img_0146.png";145;5.820e-02;-1.345e-02;-7.138e-04
"img_0147.png";146;5.831e-02;-1.346e-02;-7.381e-04
"img_0148.png";147;5.828e-02;-1.337e-02;-7.387e-04
"img_0149.png";148;5.830e-02;-1.338e-02;-6.361e-04
"img_0150.png";149;5.826e-02;-1.349e-02;-6.785e-04
"img_0151.png";150;5.828e-02;-1.349e-02;-7.208e-04
"img_0152.png";151;5.822e-02;-1.352e-02;-7.446e-04
"img_0153.png";152;5.828e-02;-1.351e-02;-7.531e-04
"img_0154.png";153;5.824e-02;-1.336e-02;-7.659e-04
"img_0155.png";154;5.831e-02;-1.342e-02;-7.859e-04
"img_0156.png";155;5.834e-02;-1.347e-02;-8.107e-04
"img_0157.png";156;5.836e-02;-1.342e-02;-7.719e-04
"img_0158.png";157;5.834e-02;-1.345e-02;-8.313e-04
"img_0159.png";158;5.823e-02;-1.348e-02;-7.810e-04
"img_0160.png";159;5.832e-02;-1.333e-02;-7.628e-04
"img_0161.png";160;5.832e-02;-1.349e-02;-7.117e-04
"img_0162.png";161;5.829e-02;-1.339e-02;-7.838e-04
"img_0163.png";162;5.836e-02;-1.340e-02;-7.174e-04
"img_0164.png";163;5.827e-02;-1.346e-02;-8.237e-04
"img_0165.png";164;5.834e-02;-1.335e-02;-8.137e-04
"img_0166.png";165;5.838e-02;-1.333e-02;-7.666e-04
"img_0167.png";166;5.837e-02;-1.332e-02;-7.734e-04
"img_0168.png";167;5.848e-02;-1.331e-02;-8.030e-04
"img_0169.png";168;5.842e-02;-1.332e-02;-7.804e-04
"img_0170.png";169;5.835e-02;-1.332e-02;-7.918e-04
"img_0171.png";170;5.837e-02;-1.345e-02;-8.141e-04
"img_0172.png";171;5.840e-02;-1.335e-02;-7.878e-04
"img_0173.png";172;5.824e-02;-1.337e-02;-7.266e-04
"img_0174.png";173;5.839e-02;-1.321e-02;-8.265e-04
"img_0175.png";174;5.841e-02;-1.328e-02;-7.967e-04
"img_0176.png";175;5.834e-02;-1.336e-02;-7.462e-04
"img_0177.png";176;5.845e-02;-1.320e-02;-8.018e-04
"img_0178.png";177;5.849e-02;-1.312e-02;-7.950e-04
"img_0179.png";178;5.845e-02;-1.325e-02;-8.063e-04
"img_0180.png";179;5.845e-02;-1.321e-02;-8.122e-04
"img_0181.png";180;5.842e-02;-1.326e-02;-7.990e-04
"img_0182.png";181;5.833e-02;-1.332e-02;-7.279e-04
"img_0183.png";182;5.840e-02;-1.329e-02;-7.992e-04
"img_0184.png";183;5.834e-02;-1.333e-02;-8.859e-04
"img_0185.png";184;5.835e-02;-1.304e-02;-8.494e-04
"img_0186.png";185;5.837e-02;-1.331e-02;-8.140e-04
"img_0187.png";186;5.841e-02;-1.322e-02;-7.926e-04
"img_0188.png";187;5.838e-02;-1.333e-02;-8.569e-04
"img_0189.png";188;5.839e-02;-1.321e-02;-8.253e-04
"img_0190.png";189;5.846e-02;-1.302e-02;-7.566e-04
"img_0191.png";190;5.847e-02;-1.304e-02;-8.803e-04
"img_0192.png";191;5.845e-02;-1.328e-02;-7.869e-04
"img_0193.png";192;5.842e-02;-1.320e-02;-7.808e-04
"img_0194.png";193;5.850e-02;-1.329e-02;-8.151e-04
"img_0195.png";194;5.853e-02;-1.327e-02;-7.435e-04
"img_0196.png";195;5.855e-02;-1.339e-02;-8.678e-04
"img_0197.png";196;5.852e-02;-1.330e-02;-8.061e-04
"img_0198.png";197;5.857e-02;-1.335e-02;-7.907e-04
"img_0199.png";198;5.849e-02;-1.342e-02;-8.308e-04
"img_0200.png";199;5.864e-02;-1.344e-02;-9.082e-04
"img_0201.png";200;5.863e-02;-1.345e-02;-8.356e-04
"img_0202.png";201;5.868e-02;-1.361e-02;-8.701e-04
"img_0203.png";202;5.868e-02;-1.369e-02;-8.782e-04
"img_0204.png";203;5.880e-02;-1.372e-02;-8.736e-04
"img_0205.png";204;5.885e-02;-1.391e-02;-9.452e-04
"img_0206.png";205;5.890e-02;-1.403e-02;-9.628e-04
"img_0207.png";206;5.897e-02;-1.407e-02;-9.792e-04
"img_0208.png";207;5.912e-02;-1.406e-02;-1.055e-03
"img_0209.png";208;5.931e-02;-1.403e-02;-1.034e-03
"img_0210.png";209;5.938e-02;-1.430e-02;-1.036e-03
"img_0211.png";210;5.968e-02;-1.417e-02;-1.079e-03
"img_0212.png";211;5.984e-02;-1.429e-02;-1.067e-03
"img_0213.png";212;6.014e-02;-1.411e-02;-1.096e-03
"img_0214.png";213;6.040e-02;-1.428e-02;-1.213e-03
"img_0215.png";214;6.065e-02;-1.426e-02;-1.075e-03
"img_0216.png";215;6.084e-02;-1.432e-02;-1.145e-03
"img_0217.png";216;6.107e-02;-1.443e-02;-1.139e-03
"img_0218.png";217;6.134e-02;-1.428e-02;-1.208e-03
"img_0219.png";218;6.154e-02;-1.450e-02;-1.174e-03
"img_0220.png";219;6.184e-02;-1.455e-02;-1.120e-03
"img_0221.png";220;6.224e-02;-1.475e-02;-1.174e-03
"img_0222.png";221;6.238e-02;-1.480e-02;-1.173e-03
"img_0223.png";222;6.263e-02;-1.494e-02;-1.069e-03
"img_0224.png";223;6.289e-02;-1.492e-02;-9.575e-04
"img_0225.png";224;6.310e-02;-1.541e-02;-9.974e-04
"img_0226.png";225;6.339e-02;-1.558e-02;-9.480e-04
"img_0227.png";226;6.372e-02;-1.560e-02;-9.715e-04
"img_0228.png";227;6.399e-02;-1.566e-02;-9.858e-04
"img_0229.png";228;6.426e-02;-1.580e-02;-9.903e-04
"img_0230.png";229;6.468e-02;-1.589e-02;-1.111e-03
"img_0231.png";230;6.491e-02;-1.619e-02;-1.123e-03
"img_0232.png";231;6.530e-02;-1.623e-02;-1.116e-03
"img_0233.png";232;6.581e-02;-1.648e-02;-1.278e-03
"img_0234.png";233;6.605e-02;-1.648e-02;-1.245e-03
"img_0235.png";234;6.637e-02;-1.634e-02;-1.261e-03
"img_0236.png";235;6.679e-02;-1.714e-02;-1.314e-03
"img_0237.png";236;6.712e-02;-1.730e-02;-1.368e-03
"img_0238.png";237;6.744e-02;-1.702e-02;-1.339e-03
"img_0239.png";238;6.779e-02;-1.725e-02;-1.416e-03
"img_0240.png";239;6.816e-02;-1.734e-02;-1.373e-03
"img_0241.png";240;6.846e-02;-1.734e-02;-1.305e-03
"img_0242.png";241;6.869e-02;-1.730e-02;-1.321e-03
"img_0243.png";242;6.891e-02;-1.733e-02;-1.336e-03
"img_0244.png";243;6.920e-02;-1.755e-02;-1.268e-03
"img_0245.png";244;6.949e-02;-1.790e-02;-1.269e-03
"img_0246.png";245;6.969e-02;-1.787e-02;-1.265e-03
"img_0247.png";246;6.995e-02;-1.813e-02;-1.311e-03
"img_0248.png";247;7.034e-02;-1.830e-02;-1.309e-03
"img_0249.png";248;7.060e-02;-1.824e-02;-1.259e-03
"img_0250.png";249;7.098e-02;-1.830e-02;-1.374e-03
"img_0251.png";250;7.138e-02;-1.829e-02;-1.170e-03
"img_0252.png";251;7.179e-02;-1.873e-02;-1.295e-03
"img_0253.png";252;7.205e-02;-1.876e-02;-1.124e-03
"img_0254.png";253;7.248e-02;-1.910e-02;-1.162e-03
"img_0255.png";254;7.275e-02;-1.918e-02;-1.195e-03
"img_0256.png";255;7.322e-02;-1.925e-02;-1.163e-03
"img_0257.png";256;7.343e-02;-1.928e-02;-1.196e-03
"img_0258.png";257;7.380e-02;-1.913e-02;-1.247e-03
"img_0259.png";258;7.419e-02;-1.945e-02;-1.328e-03
"img_0260.png";259;7.443e-02;-1.966e-02;-1.271e-03
"img_0261.png";260;7.481e-02;-1.959e-02;-1.347e-03
"img_0262.png";261;7.511e-02;-1.976e-02;-1.320e-03
"img_0263.png";262;7.539e-02;-1.999e-02;-1.407e-03
"img_0264.png";263;7.563e-02;-2.038e-02;-1.340e-03
"img_0265.png";264;7.590e-02;-2.043e-02;-1.392e-03
"img_0266.png";265;7.614e-02;-2.054e-02;-1.409e-03
"img_0267.png";266;7.628e-02;-2.022e-02;-1.292e-03
"img_0268.png";267;7.657e-02;-2.029e-02;-1.322e-03
"img_0269.png";268;7.688e-02;-2.074e-02;-1.249e-03
"img_0270.png";269;7.730e-02;-2.088e-02;-1.287e-03
"img_0271.png";270;7.757e-02;-2.074e-02;-1.219e-03
"img_0272.png";271;7.800e-02;-2.059e-02;-1.295e-03
"img_0273.png";272;7.834e-02;-2.094e-02;-1.292e-03
"img_0274.png";273;7.859e-02;-2.103e-02;-1.180e-03
"img_0275.png";274;7.894e-02;-2.149e-02;-1.335e-03
"img_0276.png";275;7.923e-02;-2.119e-02;-1.232e-03
"img_0277.png";276;7.966e-02;-2.159e-02;-1.219e-03
"img_0278.png";277;7.996e-02;-2.166e-02;-1.265e-03
"img_0279.png";278;8.032e-02;-2.193e-02;-1.362e-03
"img_0280.png";279;8.069e-02;-2.191e-02;-1.313e-03
"img_0281.png";280;8.098e-02;-2.186e-02;-1.395e-03
"img_0282.png";281;8.142e-02;-2.210e-02;-1.370e-03
"img_0283.png";282;8.175e-02;-2.218e-02;-1.333e-03
"img_0284.png";283;8.197e-02;-2.240e-02;-1.356e-03
"img_0285.png";284;8.231e-02;-2.239e-02;-1.375e-03
"img_0286.png";285;8.248e-02;-2.271e-02;-1.429e-03
"img_0287.png";286;8.281e-02;-2.282e-02;-1.418e-03
"img_0288.png";287;8.313e-02;-2.302e-02;-1.461e-03
"img_0289.png";288;8.341e-02;-2.310e-02;-1.361e-03
"img_0290.png";289;8.375e-02;-2.354e-02;-1.507e-03
"img_0291.png";290;8.400e-02;-2.339e-02;-1.396e-03
"img_0292.png";291;8.436e-02;-2.370e-02;-1.465e-03
"img_0293.png";292;8.480e-02;-2.384e-02;-1.458e-03
"img_0294.png";293;8.503e-02;-2.423e-02;-1.437e-03
"img_0295.png";294;8.537e-02;-2.427e-02;-1.371e-03
"img_0296.png";295;8.573e-02;-2.444e-02;-1.396e-03
"img_0297.png";296;8.604e-02;-2.458e-02;-1.401e-03
"img_0298.png";297;8.638e-02;-2.469e-02;-1.429e-03
"img_0299.png";298;8.669e-02;-2.479e-02;-1.284e-03
"img_0300.png";299;8.708e-02;-2.511e-02;-1.405e-03
"img_0301.png";300;8.736e-02;-2.527e-02;-1.275e-03
"img_0302.png";301;8.766e-02;-2.541e-02;-1.348e-03
"img_0303.png";302;8.792e-02;-2.536e-02;-1.260e-03
"img_0304.png";303;8.823e-02;-2.554e-02;-1.311e-03
"img_0305.png";304;8.849e-02;-2.599e-02;-1.241e-03
"img_0306.png";305;8.880e-02;-2.599e-02;-1.220e-03
"img_0307.png";306;8.903e-02;-2.604e-02;-1.240e-03
"img_0308.png";307;8.926e-02;-2.622e-02;-1.305e-03
"img_0309.png";308;8.967e-02;-2.636e-02;-1.368e-03
"img_0310.png";309;9.003e-02;-2.639e-02;-1.370e-03
"img_0311.png";310;9.039e-02;-2.646e-02;-1.370e-03
"img_0312.png";311;9.061e-02;-2.676e-02;-1.491e-03
"img_0313.png";312;9.105e-02;-2.675e-02;-1.396e-03
"img_0314.png";313;9.147e-02;-2.688e-02;-1.442e-03
"img_0315.png";314;9.187e-02;-2.696e-02;-1.417e-03
"img_0316.png";315;9.217e-02;-2.696e-02;-1.379e-03
"img_0317.png";316;9.257e-02;-2.708e-02;-1.383e-03
"img_0318.png";317;9.286e-02;-2.717e-02;-1.361e-03
"img_0319.png";318;9.315e-02;-2.736e-02;-1.346e-03
"img_0320.png";319;9.344e-02;-2.744e-02;-1.285e-03
"img_0321.png";320;9.382e-02;-2.750e-02;-1.257e-03
"img_0322.png";321;9.418e-02;-2.754e-02;-1.306e-03
"img_0323.png";322;9.444e-02;-2.753e-02;-1.220e-03
"img_0324.png";323;9.480e-02;-2.781e-02;-1.255e-03
"img_0325.png";324;9.516e-02;-2.797e-02;-1.286e-03
"img_0326.png";325;9.547e-02;-2.823e-02;-1.217e-03
"img_0327.png";326;9.593e-02;-2.828e-02;-1.228e-03
"img_0328.png";327;9.613e-02;-2.827e-02;-1.374e-03
"img_0329.png";328;9.644e-02;-2.852e-02;-1.425e-03
"img_0330.png";329;9.675e-02;-2.859e-02;-1.482e-03
"img_0331.png";330;9.702e-02;-2.876e-02;-1.508e-03
"img_0332.png";331;9.727e-02;-2.897e-02;-1.483e-03
"img_0333.png";332;9.769e-02;-2.920e-02;-1.512e-03
"img_0334.png";333;9.800e-02;-2.927e-02;-1.393e-03
"img_0335.png";334;9.818e-02;-2.922e-02;-1.406e-03
"img_0336.png";335;9.853e-02;-2.933e-02;-1.377e-03
"img_0337.png";336;9.884e-02;-2.943e-02;-1.281e-03
"img_0338.png";337;9.913e-02;-2.956e-02;-1.336e-03
"img_0339.png";338;9.946e-02;-2.974e-02;-1.340e-03
"img_0340.png";339;9.971e-02;-2.977e-02;-1.263e-03
"img_0341.png";340;1.000e-01;-2.980e-02;-1.334e-03
"img_0342.png";341;1.004e-01;-2.995e-02;-1.284e-03
"img_0343.png";342;1.008e-01;-3.020e-02;-1.365e-03
"img_0344.png";343;1.012e-01;-3.019e-02;-1.330e-03
"img_0345.png";344;1.015e-01;-3.032e-02;-1.367e-03
"img_0346.png";345;1.017e-01;-3.049e-02;-1.373e-03
"img_0347.png";346;1.021e-01;-3.045e-02;-1.418e-03
"img_0348.png";347;1.024e-01;-3.081e-02;-1.379e-03
"img_0349.png";348;1.026e-01;-3.096e-02;-1.424e-03
"img_0350.png";349;1.028e-01;-3.109e-02;-1.552e-03
"img_0351.png";350;1.032e-01;-3.124e-02;-1.518e-03
"img_0352.png";351;1.036e-01;-3.162e-02;-1.552e-03
"img_0353.png";352;1.040e-01;-3.179e-02;-1.559e-03
"img_0354.png";353;1.042e-01;-3.193e-02;-1.572e-03
"img_0355.png";354;1.046e-01;-3.212e-02;-1.510e-03
"img_0356.png";355;1.050e-01;-3.216e-02;-1.508e-03
"img_0357.png";356;1.053e-01;-3.242e-02;-1.490e-03
"img_0358.png";357;1.057e-01;-3.264e-02;-1.451e-03
"img_0359.png";358;1.061e-01;-3.266e-02;-1.434e-03
"img_0360.png";359;1.064e-01;-3.286e-02;-1.411e-03
"img_0361.png";360;1.068e-01;-3.309e-02;-1.354e-03
"img_0362.png";361;1.072e-01;-3.324e-02;-1.372e-03
"img_0363.png";362;1.076e-01;-3.331e-02;-1.333e-03
"img_0364.png";363;1.079e-01;-3.348e-02;-1.318e-03
"img_0365.png";364;1.083e-01;-3.380e-02;-1.273e-03
"img_0366.png";365;1.085e-01;-3.403e-02;-1.292e-03
"img_0367.png";366;1.088e-01;-3.400e-02;-1.413e-03
"img_0368.png";367;1.091e-01;-3.414e-02;-1.467e-03
"img_0369.png";368;1.094e-01;-3.441e-02;-1.412e-03
"img_0370.png";369;1.098e-01;-3.459e-02;-1.413e-03
"img_0371.png";370;1.101e-01;-3.468e-02;-1.455e-03
"img_0372.png";371;1.104e-01;-3.481e-02;-1.493e-03
"img_0373.png";372;1.108e-01;-3.501e-02;-1.509e-03
"img_0374.png";373;1.111e-01;-3.520e-02;-1.537e-03
"img_0375.png";374;1.114e-01;-3.523e-02;-1.602e-03
"img_0376.png";375;1.117e-01;-3.550e-02;-1.541e-03
"img_0377.png";376;1.121e-01;-3.569e-02;-1.602e-03
"img_0378.png";377;1.123e-01;-3.586e-02;-1.619e-03
"img_0379.png";378;1.127e-01;-3.599e-02;-1.673e-03
"img_0380.png";379;1.131e-01;-3.608e-02;-1.530e-03
"img_0381.png";380;1.133e-01;-3.622e-02;-1.539e-03
"img_0382.png";381;1.137e-01;-3.624e-02;-1.478e-03
"img_0383.png";382;1.140e-01;-3.636e-02;-1.427e-03
"img_0384.png";383;1.143e-01;-3.646e-02;-1.476e-03
"img_0385.png";384;1.147e-01;-3.661e-02;-1.355e-03
"img_0386.png";385;1.150e-01;-3.669e-02;-1.431e-03
"img_0387.png";386;1.152e-01;-3.680e-02;-1.368e-03
"img_0388.png";387;1.156e-01;-3.688e-02;-1.234e-03
"img_0389.png";388;1.159e-01;-3.697e-02;-1.290e-03
"img_0390.png";389;1.163e-01;-3.710e-02;-1.305e-03
"img_0391.png";390;1.166e-01;-3.723e-02;-1.231e-03
"img_0392.png";391;1.169e-01;-3.728e-02;-1.235e-03
"img_0393.png";392;1.172e-01;-3.734e-02;-1.208e-03
"img_0394.png";393;1.175e-01;-3.752e-02;-1.327e-03
"img_0395.png";394;1.179e-01;-3.766e-02;-1.306e-03
"img_0396.png";395;1.183e-01;-3.771e-02;-1.291e-03
"img_0397.png";396;1.187e-01;-3.792e-02;-1.291e-03
"img_0398.png";397;1.190e-01;-3.803e-02;-1.253e-03
"img_0399.png";398;1.192e-01;-3.816e-02;-1.399e-03
"img_0400.png";399;1.196e-01;-3.843e-02;-1.341e-03
"img_0401.png";400;1.200e-01;-3.845e-02;-1.431e-03
"img_0402.png";401;1.203e-01;-3.856e-02;-1.395e-03
"img_0403.png";402;1.207e-01;-3.885e-02;-1.309e-03
"img_0404.png";403;1.210e-01;-3.894e-02;-1.371e-03
"img_0405.png";404;1.213e-01;-3.905e-02;-1.411e-03
"img_0406.png";405;1.216e-01;-3.909e-02;-1.357e-03
"img_0407.png";406;1.220e-01;-3.927e-02;-1.305e-03
"img_0408.png";407;1.224e-01;-3.953e-02;-1.395e-03
"img_0409.png";408;1.228e-01;-3.951e-02;-1.386e-03
"img_0410.png";409;1.230e-01;-3.966e-02;-1.406e-03
"img_0411.png";410;1.232e-01;-3.989e-02;-1.439e-03
"img_0412.png";411;1.236e-01;-3.980e-02;-1.386e-03
"img_0413.png";412;1.239e-01;-3.994e-02;-1.396e-03
"img_0414.png";413;1.243e-01;-3.994e-02;-1.430e-03
"img_0415.png";414;1.246e-01;-4.009e-02;-1.472e-03
"img_0416.png";415;1.249e-01;-4.020e-02;-1.436e-03
"img_0417.png";416;1.253e-01;-4.030e-02;-1.470e-03
"img_0418.png";417;1.256e-01;-4.042e-02;-1.473e-03
"img_0419.png";418;1.261e-01;-4.039e-02;-1.413e-03
"img_0420.png";419;1.265e-01;-4.054e-02;-1.464e-03
"img_0421.png";420;1.268e-01;-4.058e-02;-1.457e-03
"img_0422.png";421;1.271e-01;-4.075e-02;-1.489e-03
"img_0423.png";422;1.274e-01;-4.080e-02;-1.527e-03
"img_0424.png";423;1.278e-01;-4.097e-02;-1.488e-03
"img_0425.png";424;1.282e-01;-4.108e-02;-1.511e-03
"img_0426.png";425;1.286e-01;-4.129e-02;-1.530e-03
"img_0427.png";426;1.289e-01;-4.147e-02;-1.522e-03
"img_0428.png";427;1.292e-01;-4.164e-02;-1.486e-03
"img_0429.png";428;1.295e-01;-4.184e-02;-1.511e-03
"img_0430.png";429;1.298e-01;-4.206e-02;-1.442e-03
"img_0431.png";430;1.301e-01;-4.219e-02;-1.496e-03
"img_0432.png";431;1.304e-01;-4.241e-02;-1.450e-03
"img_0433.png";432;1.307e-01;-4.257e-02;-1.412e-03
"img_0434.png";433;1.310e-01;-4.259e-02;-1.431e-03
"img_0435.png";434;1.313e-01;-4.274e-02;-1.370e-03
"img_0436.png";435;1.316e-01;-4.292e-02;-1.418e-03
"img_0437.png";436;1.320e-01;-4.308e-02;-1.400e-03
"img_0438.png";437;1.323e-01;-4.321e-02;-1.391e-03
"img_0439.png";438;1.326e-01;-4.335e-02;-1.368e-03
"img_0440.png";439;1.330e-01;-4.339e-02;-1.325e-03
"img_0441.png";440;1.334e-01;-4.347e-02;-1.416e-03
"img_0442.png";441;1.338e-01;-4.353e-02;-1.460e-03
"img_0443.png";442;1.341e-01;-4.371e-02;-1.453e-03
"img_0444.png";443;1.345e-01;-4.395e-02;-1.434e-03
"img_0445.png";444;1.349e-01;-4.414e-02;-1.445e-03
"img_0446.png";445;1.353e-01;-4.417e-02;-1.463e-03
"img_0447.png";446;1.356e-01;-4.439e-02;-1.468e-03
"img_0448.png";447;1.359e-01;-4.444e-02;-1.458e-03
"img_0449.png";448;1.362e-01;-4.459e-02;-1.519e-03
"img_0450.png";449;1.365e-01;-4.477e-02;-1.508e-03
"img_0451.png";450;1.368e-01;-4.478e-02;-1.490e-03
"img_0452.png";451;1.372e-01;-4.492e-02;-1.492e-03
"img_0453.png";452;1.376e-01;-4.506e-02;-1.463e-03
"img_0454.png";453;1.379e-01;-4.514e-02;-1.409e-03
"img_0455.png";454;1.381e-01;-4.536e-02;-1.427e-03
"img_0456.png";455;1.385e-01;-4.546e-02;-1.403e-03
"img_0457.png";456;1.386e-01;-4.566e-02;-1.444e-03
"img_0458.png";457;1.390e-01;-4.577e-02;-1.488e-03
"img_0459.png";458;1.393e-01;-4.585e-02;-1.470e-03
"img_0460.png";459;1.396e-01;-4.587e-02;-1.456e-03
"img_0461.png";460;1.400e-01;-4.600e-02;-1.448e-03
"img_0462.png";461;1.403e-01;-4.614e-02;-1.430e-03
"img_0463.png";462;1.405e-01;-4.626e-02;-1.406e-03
"img_0464.png";463;1.410e-01;-4.631e-02;-1.399e-03
"img_0465.png";464;1.412e-01;-4.649e-02;-1.353e-03
"img_0466.png";465;1.417e-01;-4.659e-02;-1.255e-03
"img_0467.png";466;1.420e-01;-4.667e-02;-1.323e-03
"img_0468.png";467;1.423e-01;-4.681e-02;-1.425e-03
"img_0469.png";468;1.428e-01;-4.700e-02;-1.339e-03
"img_0470.png";469;1.431e-01;-4.712e-02;-1.330e-03
"img_0471.png";470;1.434e-01;-4.722e-02;-1.337e-03
"img_0472.png";471;1.437e-01;-4.750e-02;-1.339e-03
"img_0473.png";472;1.442e-01;-4.772e-02;-1.423e-03
"img_0474.png";473;1.445e-01;-4.773e-02;-1.407e-03
"img_0475.png";474;1.449e-01;-4.794e-02;-1.441e-03
"img_0476.png";475;1.453e-01;-4.797e-02;-1.481e-03
"img_0477.png";476;1.454e-01;-4.809e-02;-1.503e-03
"img_0478.png";477;1.458e-01;-4.835e-02;-1.467e-03
"img_0479.png";478;1.461e-01;-4.850e-02;-1.481e-03
"img_0480.png";479;1.464e-01;-4.855e-02;-1.507e-03
"img_0481.png";480;1.468e-01;-4.860e-02;-1.527e-03
"img_0482.png";481;1.472e-01;-4.857e-02;-1.450e-03
"img_0483.png";482;1.474e-01;-4.881e-02;-1.376e-03
"img_0484.png";483;1.478e-01;-4.907e-02;-1.444e-03
"img_0485.png";484;1.481e-01;-4.914e-02;-1.441e-03
"img_0486.png";485;1.485e-01;-4.924e-02;-1.369e-03
"img_0487.png";486;1.488e-01;-4.928e-02;-1.358e-03
"img_0488.png";487;1.492e-01;-4.947e-02;-1.379e-03
"img_0489.png";488;1.496e-01;-4.960e-02;-1.304e-03
"img_0490.png";489;1.499e-01;-4.972e-02;-1.248e-03
"img_0491.png";490;1.503e-01;-4.982e-02;-1.350e-03
"img_0492.png";491;1.505e-01;-4.994e-02;-1.345e-03
"img_0493.png";492;1.509e-01;-4.994e-02;-1.325e-03
"img_0494.png";493;1.513e-01;-5.022e-02;-1.358e-03
"img_0495.png";494;1.517e-01;-5.036e-02;-1.308e-03
"img_0496.png";495;1.520e-01;-5.032e-02;-1.318e-03
"img_0497.png";496;1.523e-01;-5.047e-02;-1.335e-03
"img_0498.png";497;1.528e-01;-5.067e-02;-1.362e-03
"img_0499.png";498;1.531e-01;-5.083e-02;-1.363e-03
"img_0500.png";499;1.534e-01;-5.091e-02;-1.365e-03
"img_0501.png";500;1.538e-01;-5.098e-02;-1.387e-03
"img_0502.png";501;1.540e-01;-5.116e-02;-1.400e-03
"img_0503.png";502;1.543e-01;-5.118e-02;-1.414e-03
"img_0504.png";503;1.546e-01;-5.133e-02;-1.452e-03
"img_0505.png";504;1.550e-01;-5.150e-02;-1.422e-03
"img_0506.png";505;1.554e-01;-5.156e-02;-1.394e-03
"img_0507.png";506;1.557e-01;-5.173e-02;-1.373e-03
"img_0508.png";507;1.560e-01;-5.187e-02;-1.435e-03
"img_0509.png";508;1.564e-01;-5.193e-02;-1.348e-03
"img_0510.png";509;1.567e-01;-5.199e-02;-1.286e-03
"img_0511.png";510;1.570e-01;-5.210e-02;-1.283e-03
"img_0512.png";511;1.573e-01;-5.220e-02;-1.267e-03
"img_0513.png";512;1.578e-01;-5.222e-02;-1.214e-03
"img_0514.png";513;1.580e-01;-5.231e-02;-1.157e-03
"img_0515.png";514;1.583e-01;-5.257e-02;-1.196e-03
"img_0516.png";515;1.587e-01;-5.275e-02;-1.214e-03
"img_0517.png";516;1.590e-01;-5.287e-02;-1.235e-03
"img_0518.png";517;1.594e-01;-5.298e-02;-1.237e-03
"img_0519.png";518;1.597e-01;-5.307e-02;-1.309e-03
"img_0520.png";519;1.599e-01;-5.323e-02;-1.310e-03
"img_0521.png";520;1.603e-01;-5.337e-02;-1.355e-03
"img_0522.png";521;1.606e-01;-5.360e-02;-1.441e-03
"img_0523.png";522;1.609e-01;-5.378e-02;-1.386e-03
"img_0524.png";523;1.613e-01;-5.391e-02;-1.478e-03
"img_0525.png";524;1.616e-01;-5.396e-02;-1.498e-03
"img_0526.png";525;1.619e-01;-5.401e-02;-1.454e-03
"img_0527.png";526;1.623e-01;-5.420e-02;-1.383e-03
"img_0528.png";527;1.625e-01;-5.430e-02;-1.391e-03
"img_0529.png";528;1.629e-01;-5.434e-02;-1.413e-03
"img_0530.png";529;1.633e-01;-5.445e-02;-1.336e-03
"img_0531.png";530;1.635e-01;-5.459e-02;-1.348e-03
"img_0532.png";531;1.639e-01;-5.472e-02;-1.383e-03
"img_0533.png";532;1.643e-01;-5.478e-02;-1.340e-03
"img_0534.png";533;1.646e-01;-5.488e-02;-1.287e-03
"img_0535.png";534;1.649e-01;-5.512e-02;-1.284e-03
"img_0536.png";535;1.651e-01;-5.541e-02;-1.269e-03
"img_0537.png";536;1.655e-01;-5.545e-02;-1.268e-03
"img_0538.png";537;1.658e-01;-5.551e-02;-1.254e-03
"img_0539.png";538;1.660e-01;-5.576e-02;-1.189e-03
"img_0540.png";539;1.664e-01;-5.583e-02;-1.246e-03
"img_0541.png";540;1.668e-01;-5.596e-02;-1.328e-03
"img_0542.png";541;1.671e-01;-5.607e-02;-1.229e-03
"img_0543.png";542;1.674e-01;-5.618e-02;-1.304e-03
"img_0544.png";543;1.677e-01;-5.616e-02;-1.290e-03
"img_0545.png";544;1.681e-01;-5.626e-02;-1.267e-03
"img_0546.png";545;1.684e-01;-5.634e-02;-1.278e-03
"img_0547.png";546;1.687e-01;-5.660e-02;-1.255e-03
"img_0548.png";547;1.691e-01;-5.660e-02;-1.278e-03
"img_0549.png";548;1.694e-01;-5.666e-02;-1.338e-03
"img_0550.png";549;1.698e-01;-5.690e-02;-1.356e-03
"img_0551.png";550;1.702e-01;-5.705e-02;-1.370e-03
"img_0552.png";551;1.705e-01;-5.711e-02;-1.387e-03
"img_0553.png";552;1.709e-01;-5.724e-02;-1.417e-03
"img_0554.png";553;1.713e-01;-5.735e-02;-1.335e-03
"img_0555.png";554;1.716e-01;-5.735e-02;-1.378e-03
"img_0556.png";555;1.720e-01;-5.749e-02;-1.329e-03
"img_0557.png";556;1.724e-01;-5.770e-02;-1.373e-03
"img_0558.png";557;1.727e-01;-5.794e-02;-1.376e-03
"img_0559.png";558;1.730e-01;-5.789e-02;-1.249e-03
"img_0560.png";559;1.733e-01;-5.807e-02;-1.296e-03
"img_0561.png";560;1.737e-01;-5.813e-02;-1.264e-03
"img_0562.png";561;1.739e-01;-5.846e-02;-1.232e-03
"img_0563.png";562;1.742e-01;-5.855e-02;-1.196e-03
"img_0564.png";563;1.745e-01;-5.862e-02;-1.285e-03
"img_0565.png";564;1.747e-01;-5.874e-02;-1.158e-03
"img_0566.png";565;1.751e-01;-5.883e-02;-1.144e-03
"img_0567.png";566;1.753e-01;-5.896e-02;-1.128e-03
"img_0568.png";567;1.756e-01;-5.903e-02;-1.224e-03
"img_0569.png";568;1.760e-01;-5.922e-02;-1.188e-03
"img_0570.png";569;1.763e-01;-5.936e-02;-1.165e-03
"img_0571.png";570;1.766e-01;-5.954e-02;-1.160e-03
"img_0572.png";571;1.769e-01;-5.952e-02;-1.149e-03
"img_0573.png";572;1.774e-01;-5.956e-02;-1.206e-03
"img_0574.png";573;1.778e-01;-5.961e-02;-1.148e-03
"img_0575.png";574;1.782e-01;-5.977e-02;-1.202e-03
"img_0576.png";575;1.785e-01;-6.000e-02;-1.119e-03
"img_0577.png";576;1.790e-01;-6.005e-02;-1.116e-03
"img_0578.png";577;1.794e-01;-6.015e-02;-1.124e-03
"img_0579.png";578;1.796e-01;-6.024e-02;-1.174e-03
"img_0580.png";579;1.801e-01;-6.029e-02;-1.161e-03
"img_0581.png";580;1.804e-01;-6.042e-02;-1.179e-03
"img_0582.png";581;1.806e-01;-6.056e-02;-1.182e-03
"img_0583.png";582;1.811e-01;-6.073e-02;-1.182e-03
"img_0584.png";583;1.814e-01;-6.087e-02;-1.151e-03
"img_0585.png";584;1.817e-01;-6.099e-02;-1.186e-03
"img_0586.png";585;1.819e-01;-6.112e-02;-1.185e-03
"img_0587.png";586;1.822e-01;-6.118e-02;-1.154e-03
"img_0588.png";587;1.825e-01;-6.133e-02;-1.144e-03
"img_0589.png";588;1.828e-01;-6.150e-02;-1.204e-03
"img_0590.png";589;1.831e-01;-6.158e-02;-1.193e-03
"img_0591.png";590;1.833e-01;-6.181e-02;-1.200e-03
"img_0592.png";591;1.836e-01;-6.179e-02;-1.215e-03
"img_0593.png";592;1.839e-01;-6.200e-02;-1.196e-03
"img_0594.png";593;1.842e-01;-6.211e-02;-1.212e-03
"img_0595.png";594;1.845e-01;-6.221e-02;-1.279e-03
"img_0596.png";595;1.849e-01;-6.232e-02;-1.254e-03
"img_0597.png";596;1.853e-01;-6.224e-02;-1.246e-03
"img_0598.png";597;1.856e-01;-6.249e-02;-1.297e-03
"img_0599.png";598;1.859e-01;-6.261e-02;-1.317e-03
"img_0600.png";599;1.864e-01;-6.244e-02;-1.165e-03
"img_0601.png";600;1.866e-01;-6.269e-02;-1.232e-03
"img_0602.png";601;1.870e-01;-6.282e-02;-1.289e-03
"img_0603.png";602;1.872e-01;-6.286e-02;-1.162e-03
"img_0604.png";603;1.876e-01;-6.300e-02;-1.084e-03
"img_0605.png";604;1.880e-01;-6.312e-02;-1.056e-03
"img_0606.png";605;1.883e-01;-6.331e-02;-1.080e-03
"img_0607.png";606;1.885e-01;-6.346e-02;-1.028e-03
"img_0608.png";607;1.888e-01;-6.351e-02;-9.869e-04
"img_0609.png";608;1.892e-01;-6.366e-02;-1.033e-03
"img_0610.png";609;1.894e-01;-6.377e-02;-9.956e-04
"img_0611.png";610;1.898e-01;-6.391e-02;-9.798e-04
"img_0612.png";611;1.901e-01;-6.401e-02;-1.008e-03
"img_0613.png";612;1.904e-01;-6.422e-02;-1.087e-03
"img_0614.png";613;1.906e-01;-6.430e-02;-1.090e-03
"img_0615.png";614;1.910e-01;-6.439e-02;-1.092e-03
"img_0616.png";615;1.913e-01;-6.444e-02;-1.001e-03
"img_0617.png";616;1.915e-01;-6.473e-02;-1.067e-03
"img_0618.png";617;1.919e-01;-6.487e-02;-1.108e-03
"img_0619.png";618;1.921e-01;-6.497e-02;-1.067e-03
"img_0620.png";619;1.924e-01;-6.503e-02;-1.098e-03
"img_0621.png";620;1.927e-01;-6.511e-02;-1.158e-03
"img_0622.png";621;1.929e-01;-6.519e-02;-1.143e-03
"img_0623.png";622;1.933e-01;-6.533e-02;-1.136e-03
"img_0624.png";623;1.936e-01;-6.544e-02;-1.148e-03
"img_0625.png";624;1.940e-01;-6.548e-02;-1.128e-03
"img_0626.png";625;1.944e-01;-6.569e-02;-1.160e-03
"img_0627.png";626;1.947e-01;-6.568e-02;-1.059e-03
"img_0628.png";627;1.949e-01;-6.589e-02;-1.097e-03
"img_0629.png";628;1.954e-01;-6.583e-02;-9.689e-04
"img_0630.png";629;1.956e-01;-6.588e-02;-9.819e-04
"img_0631.png";630;1.959e-01;-6.599e-02;-1.018e-03
"img_0632.png";631;1.963e-01;-6.603e-02;-9.417e-04
"img_0633.png";632;1.966e-01;-6.622e-02;-9.450e-04
"img_0634.png";633;1.968e-01;-6.627e-02;-8.742e-04
"img_0635.png";634;1.971e-01;-6.632e-02;-9.031e-04
"img_0636.png";635;1.974e-01;-6.646e-02;-8.776e-04
"img_0637.png";636;1.977e-01;-6.662e-02;-8.585e-04
"img_0638.png";637;1.981e-01;-6.685e-02;-9.769e-04
"img_0639.png";638;1.983e-01;-6.688e-02;-9.152e-04
"img_0640.png";639;1.986e-01;-6.696e-02;-9.338e-04
"img_0641.png";640;1.989e-01;-6.704e-02;-8.984e-04
"img_0642.png";641;1.992e-01;-6.714e-02;-8.573e-04
"img_0643.png";642;1.995e-01;-6.734e-02;-8.543e-04
"img_0644.png";643;1.998e-01;-6.735e-02;-8.844e-04
"img_0645.png";644;2.001e-01;-6.758e-02;-9.565e-04
"img_0646.png";645;2.004e-01;-6.767e-02;-9.076e-04
"img_0647.png";646;2.006e-01;-6.773e-02;-9.440e-04
"img_0648.png";647;2.008e-01;-6.791e-02;-8.969e-04
"img_0649.png";648;2.012e-01;-6.803e-02;-8.997e-04
"img_0650.png";649;2.015e-01;-6.818e-02;-9.492e-04
"img_0651.png";650;2.017e-01;-6.821e-02;-8.865e-04
"img_0652.png";651;2.021e-01;-6.839e-02;-8.582e-04
"img_0653.png";652;2.024e-01;-6.853e-02;-8.984e-04
"img_0654.png";653;2.027e-01;-6.846e-02;-8.322e-04
"img_0655.png";654;2.030e-01;-6.858e-02;-8.225e-04
"img_0656.png";655;2.033e-01;-6.870e-02;-8.946e-04
"img_0657.png";656;2.036e-01;-6.878e-02;-8.482e-04
"img_0658.png";657;2.038e-01;-6.880e-02;-9.060e-04
"img_0659.png";658;2.041e-01;-6.894e-02;-8.734e-04
"img_0660.png";659;2.043e-01;-6.900e-02;-8.612e-04
"img_0661.png";660;2.047e-01;-6.915e-02;-8.989e-04
"img_0662.png";661;2.050e-01;-6.916e-02;-9.002e-04
"img_0663.png";662;2.053e-01;-6.915e-02;-8.505e-04
"img_0664.png";663;2.055e-01;-6.940e-02;-9.461e-04
"img_0665.png";664;2.057e-01;-6.948e-02;-9.526e-04
"img_0666.png";665;2.059e-01;-6.952e-02;-9.389e-04
"img_0667.png";666;2.062e-01;-6.945e-02;-9.520e-04
"img_0668.png";667;2.065e-01;-6.962e-02;-9.675e-04
"img_0669.png";668;2.069e-01;-6.978e-02;-9.334e-04
"img_0670.png";669;2.070e-01;-6.989e-02;-9.886e-04
"img_0671.png";670;2.074e-01;-7.001e-02;-9.832e-04
"img_0672.png";671;2.076e-01;-7.015e-02;-9.925e-04
"img_0673.png";672;2.079e-01;-7.027e-02;-9.744e-04
"img_0674.png";673;2.081e-01;-7.035e-02;-9.817e-04
"img_0675.png";674;2.085e-01;-7.040e-02;-8.795e-04
"img_0676.png";675;2.088e-01;-7.047e-02;-9.178e-04
"img_0677.png";676;2.090e-01;-7.062e-02;-9.294e-04
"img_0678.png";677;2.093e-01;-7.082e-02;-8.488e-04
"img_0679.png";678;2.096e-01;-7.093e-02;-8.310e-04
"img_0680.png";679;2.098e-01;-7.095e-02;-7.793e-04
"img_0681.png";680;2.101e-01;-7.104e-02;-8.014e-04
"img_0682.png";681;2.103e-01;-7.115e-02;-7.871e-04
"img_0683.png";682;2.106e-01;-7.132e-02;-7.529e-04
"img_0684.png";683;2.107e-01;-7.150e-02;-6.968e-04
"img_0685.png";684;2.110e-01;-7.150e-02;-7.416e-04
"img_0686.png";685;2.113e-01;-7.158e-02;-6.921e-04
"img_0687.png";686;2.116e-01;-7.171e-02;-6.359e-04
"img_0688.png";687;2.117e-01;-7.170e-02;-6.352e-04
"img_0689.png";688;2.120e-01;-7.183e-02;-6.680e-04
"img_0690.png";689;2.122e-01;-7.197e-02;-6.567e-04
"img_0691.png";690;2.125e-01;-7.200e-02;-6.496e-04
"img_0692.png";691;2.127e-01;-7.210e-02;-6.492e-04
"img_0693.png";692;2.130e-01;-7.214e-02;-6.487e-04
"img_0694.png";693;2.131e-01;-7.225e-02;-6.491e-04
"img_0695.png";694;2.134e-01;-7.225e-02;-6.192e-04
"img_0696.png";695;2.136e-01;-7.249e-02;-5.736e-04
"img_0697.png";696;2.139e-01;-7.250e-02;-6.339e-04
"img_0698.png";697;2.141e-01;-7.255e-02;-6.655e-04
"img_0699.png";698;2.142e-01;-7.262e-02;-6.919e-04
"img_0700.png";699;2.146e-01;-7.268e-02;-6.177e-04
"img_0701.png";700;2.148e-01;-7.266e-02;-5.993e-04
"img_0702.png";701;2.149e-01;-7.271e-02;-6.755e-04
"img_0703.png";702;2.151e-01;-7.285e-02;-6.797e-04
"img_0704.png";703;2.153e-01;-7.284e-02;-6.320e-04
"img_0705.png";704;2.156e-01;-7.298e-02;-6.330e-04
"img_0706.png";705;2.158e-01;-7.307e-02;-6.418e-04
"img_0707.png";706;2.161e-01;-7.310e-02;-6.338e-04
"img_0708.png";707;2.162e-01;-7.326e-02;-6.196e-04
"img_0709.png";708;2.164e-01;-7.330e-02;-5.970e-04
"img_0710.png";709;2.168e-01;-7.327e-02;-6.031e-04
"img_0711.png";710;2.168e-01;-7.355e-02;-5.672e-04
"img_0712.png";711;2.171e-01;-7.350e-02;-5.038e-04
"img_0713.png";712;2.173e-01;-7.346e-02;-5.268e-04
"img_0714.png";713;2.175e-01;-7.362e-02;-5.788e-04
"img_0715.png";714;2.177e-01;-7.366e-02;-5.641e-04
"img_0716.png";715;2.179e-01;-7.366e-02;-6.020e-04
"img_0717.png";716;2.181e-01;-7.380e-02;-5.385e-04
"img_0718.png";717;2.183e-01;-7.385e-02;-5.706e-04
"img_0719.png";718;2.185e-01;-7.393e-02;-5.344e-04
"img_0720.png";719;2.186e-01;-7.401e-02;-5.459e-04
"img_0721.png";720;2.188e-01;-7.402e-02;-4.946e-04
"img_0722.png";721;2.191e-01;-7.406e-02;-5.178e-04
"img_0723.png";722;2.192e-01;-7.411e-02;-4.692e-04
"img_0724.png";723;2.192e-01;-7.422e-02;-4.708e-04
"img_0725.png";724;2.195e-01;-7.422e-02;-5.034e-04
"img_0726.png";725;2.197e-01;-7.424e-02;-4.556e-04
"img_0727.png";726;2.198e-01;-7.435e-02;-4.511e-04
"img_0728.png";727;2.199e-01;-7.436e-02;-5.034e-04
"img_0729.png";728;2.201e-01;-7.444e-02;-4.464e-04
"img_0730.png";729;2.202e-01;-7.449e-02;-4.690e-04
"img_0731.png";730;2.203e-01;-7.447e-02;-4.577e-04
"img_0732.png";731;2.204e-01;-7.453e-02;-5.011e-04
"img_0733.png";732;2.206e-01;-7.456e-02;-4.961e-04
"img_0734.png";733;2.207e-01;-7.455e-02;-5.172e-04
"img_0735.png";734;2.209e-01;-7.460e-02;-4.807e-04
"img_0736.png";735;2.210e-01;-7.468e-02;-5.185e-04
"img_0737.png";736;2.211e-01;-7.473e-02;-4.886e-04
"img_0738.png";737;2.212e-01;-7.478e-02;-4.830e-04
"img_0739.png";738;2.212e-01;-7.483e-02;-4.984e-04
"img_0740.png";739;2.215e-01;-7.480e-02;-5.210e-04
"img_0741.png";740;2.217e-01;-7.480e-02;-5.390e-04
"img_0742.png";741;2.217e-01;-7.490e-02;-4.763e-04
"img_0743.png";742;2.217e-01;-7.495e-02;-5.268e-04
"img_0744.png";743;2.218e-01;-7.488e-02;-4.934e-04
"img_0745.png";744;2.219e-01;-7.505e-02;-5.483e-04
"img_0746.png";745;2.219e-01;-7.507e-02;-5.303e-04
"img_0747.png";746;2.221e-01;-7.502e-02;-5.090e-04
"img_0748.png";747;2.221e-01;-7.508e-02;-5.706e-04
"img_0749.png";748;2.222e-01;-7.515e-02;-5.385e-04
"img_0750.png";749;2.223e-01;-7.514e-02;-5.770e-04
"img_0751.png";750;2.224e-01;-7.512e-02;-5.478e-04
"img_0752.png";751;2.224e-01;-7.527e-02;-4.905e-04
"img_0753.png";752;2.224e-01;-7.525e-02;-5.411e-04
"img_0754.png";753;2.225e-01;-7.526e-02;-4.873e-04
"img_0755.png";754;2.226e-01;-7.522e-02;-5.121e-04
"img_0756.png";755;2.226e-01;-7.525e-02;-4.900e-04
"img_0757.png";756;2.227e-01;-7.532e-02;-4.927e-04
"img_0758.png";757;2.228e-01;-7.539e-02;-5.175e-04
"img_0759.png";758;2.228e-01;-7.541e-02;-5.442e-04
"img_0760.png";759;2.229e-01;-7.530e-02;-5.101e-04
"img_0761.png";760;2.230e-01;-7.531e-02;-5.475e-04
"img_0762.png";761;2.230e-01;-7.535e-02;-5.357e-04
"img_0763.png";762;2.230e-01;-7.536e-02;-5.089e-04
"img_0764.png";763;2.230e-01;-7.551e-02;-4.973e-04
"img_0765.png";764;2.230e-01;-7.540e-02;-5.261e-04
"img_0766.png";765;2.231e-01;-7.554e-02;-5.021e-04
"img_0767.png";766;2.230e-01;-7.547e-02;-4.846e-04
"img_0768.png";767;2.231e-01;-7.544e-02;-5.134e-04
"img_0769.png";768;2.232e-01;-7.547e-02;-5.323e-04
"img_0770.png";769;2.231e-01;-7.553e-02;-5.479e-04
"img_0771.png";770;2.232e-01;-7.543e-02;-4.717e-04
"img_0772.png";771;2.232e-01;-7.544e-02;-5.478e-04
"img_0773.png";772;2.232e-01;-7.551e-02;-5.477e-04
"img_0774.png";773;2.233e-01;-7.546e-02;-5.284e-04
"img_0775.png";774;2.233e-01;-7.546e-02;-5.014e-04
"img_0776.png";775;2.233e-01;-7.548e-02;-5.140e-04
"img_0777.png";776;2.234e-01;-7.542e-02;-4.878e-04
"img_0778.png";777;2.234e-01;-7.545e-02;-5.021e-04
"img_0779.png";778;2.235e-01;-7.558e-02;-5.351e-04
"img_0780.png";779;2.234e-01;-7.554e-02;-5.400e-04
"img_0781.png";780;2.234e-01;-7.549e-02;-5.371e-04
"img_0782.png";781;2.234e-01;-7.543e-02;-5.786e-04
"img_0783.png";782;2.234e-01;-7.549e-02;-5.109e-04
"img_0784.png";783;2.234e-01;-7.535e-02;-5.557e-04
"img_0785.png";784;2.235e-01;-7.550e-02;-5.551e-04
"img_0786.png";785;2.234e-01;-7.555e-02;-5.216e-04
"img_0787.png";786;2.234e-01;-7.546e-02;-4.965e-04
"img_0788.png";787;2.235e-01;-7.552e-02;-5.653e-04
"img_0789.png";788;2.235e-01;-7.551e-02;-5.870e-04
"img_0790.png";789;2.235e-01;-7.556e-02;-5.552e-04
"img_0791.png";790;2.235e-01;-7.551e-02;-5.273e-04
"img_0792.png";791;2.235e-01;-7.550e-02;-5.195e-04
"img_0793.png";792;2.235e-01;-7.552e-02;-5.543e-04
"img_0794.png";793;2.234e-01;-7.536e-02;-5.518e-04
"img_0795.png";794;2.235e-01;-7.552e-02;-5.877e-04
"img_0796.png";795;2.235e-01;-7.562e-02;-5.529e-04
"img_0797.png";796;2.235e-01;-7.553e-02;-5.518e-04
"img_0798.png";797;2.235e-01;-7.550e-02;-5.206e-04
"img_0799.png";798;2.235e-01;-7.545e-02;-5.477e-04
"img_0800.png";799;2.235e-01;-7.552e-02;-5.341e-04
"img_0801.png";800;2.235e-01;-7.553e-02;-5.380e-04
"img_0802.png";801;2.235e-01;-7.553e-02;-5.013e-04
"img_0803.png";802;2.235e-01;-7.544e-02;-5.438e-04
"img_0804.png";803;2.235e-01;-7.540e-02;-5.467e-04
"img_0805.png";804;2.235e-01;-7.558e-02;-5.560e-04
"img_0806.png";805;2.234e-01;-7.549e-02;-5.297e-04
"img_0807.png";806;2.235e-01;-7.554e-02;-5.953e-04
"img_0808.png";807;2.235e-01;-7.551e-02;-5.376e-04
"img_0809.png";808;2.235e-01;-7.544e-02;-5.839e-04
"img_0810.png";809;2.235e-01;-7.547e-02;-5.239e-04
"img_0811.png";810;2.235e-01;-7.547e-02;-4.766e-04
"img_0812.png";811;2.235e-01;-7.547e-02;-5.391e-04
"img_0813.png";812;2.235e-01;-7.549e-02;-5.523e-04
"img_0814.png";813;2.235e-01;-7.553e-02;-4.782e-04
"img_0815.png";814;2.235e-01;-7.548e-02;-5.004e-04
"img_0816.png";815;2.235e-01;-7.547e-02;-5.299e-04
"img_0817.png";816;2.235e-01;-7.548e-02;-5.552e-04
"img_0818.png";817;2.235e-01;-7.545e-02;-5.505e-04
"img_0819.png";818;2.236e-01;-7.546e-02;-4.977e-04
"img_0820.png";819;2.236e-01;-7.546e-02;-5.066e-04
"img_0821.png";820;2.235e-01;-7.541e-02;-4.666e-04
"img_0822.png";821;2.235e-01;-7.536e-02;-4.885e-04
"img_0823.png";822;2.235e-01;-7.549e-02;-5.356e-04
"img_0824.png";823;2.235e-01;-7.544e-02;-5.324e-04
"img_0825.png";824;2.235e-01;-7.536e-02;-5.142e-04
"img_0826.png";825;2.235e-01;-7.548e-02;-5.718e-04
"img_0827.png";826;2.235e-01;-7.547e-02;-4.911e-04
"img_0828.png";827;2.235e-01;-7.542e-02;-4.882e-04
"img_0829.png";828;2.235e-01;-7.548e-02;-5.081e-04
"img_0830.png";829;2.235e-01;-7.538e-02;-5.023e-04
"img_0831.png";830;2.235e-01;-7.537e-02;-4.755e-04
"img_0832.png";831;2.234e-01;-7.545e-02;-4.681e-04
"img_0833.png";832;2.234e-01;-7.545e-02;-4.188e-04
"img_0834.png";833;2.234e-01;-7.556e-02;-4.698e-04
"img_0835.png";834;2.235e-01;-7.545e-02;-4.558e-04
"img_0836.png";835;2.234e-01;-7.543e-02;-4.763e-04
"img_0837.png";836;2.234e-01;-7.559e-02;-4.387e-04
"img_0838.png";837;2.234e-01;-7.561e-02;-4.623e-04
"img_0839.png";838;2.233e-01;-7.559e-02;-3.735e-04
"img_0840.png";839;2.234e-01;-7.552e-02;-3.644e-04
"img_0841.png";840;2.233e-01;-7.556e-02;-3.870e-04
"img_0842.png";841;2.232e-01;-7.548e-02;-3.853e-04
"img_0843.png";842;2.232e-01;-7.547e-02;-3.470e-04
"img_0844.png";843;2.232e-01;-7.551e-02;-3.682e-04
"img_0845.png";844;2.232e-01;-7.552e-02;-3.201e-04
"img_0846.png";845;2.232e-01;-7.545e-02;-3.898e-04
"img_0847.png";846;2.232e-01;-7.545e-02;-4.326e-04
"img_0848.png";847;2.232e-01;-7.542e-02;-5.347e-04
"img_0849.png";848;2.231e-01;-7.541e-02;-6.219e-04
"img_0850.png";849;2.230e-01;-7.552e-02;-6.609e-04
"img_0851.png";850;2.228e-01;-7.559e-02;-7.039e-04
"img_0852.png";851;2.227e-01;-7.557e-02;-6.664e-04
"img_0853.png";852;2.225e-01;-7.541e-02;-8.333e-04
